catalog_id,official_id,domain,name,chapter,scope,type,maturity,source_package,source_entry,source_sha256,source_granularity,formal_row_id,formal_row_entry,formal_row_sha256,source_status,design_master,production_spec,runtime_asset,acceptance_asset,id,priority,delivery_status,design_board,verification_result,mechanism_name,freeze_version,category,batch,independent_board_status,confirmation_status,hopa_interaction,application_scene,delivery_form,freeze_requirement
CAT-CHAR-001,,character,星宇,G02,G02,全局角色,design_and_three_view_complete,PKG-CHARACTERS-V2.1,星骸拾荒者_人物形象设计全集_V2.1_补齐版/01_十二星球人物三视图/G02_锈环星_人物三视图.png,c549fe94157daea3606a1b7b32562e28108c9e54f2dac1b156b38c8097c0a0b3,design_board_entry,CHAR-001,星骸拾荒者_人物形象设计全集_V2.1_补齐版/02_清单与说明/星骸拾荒者_全项目美术资产主清单_V1.0.xlsx,ea329b30f458a567a92ef0f02b783eb58c4129596e4958e4cf739eb47329816e,71/71_design_identity_and_three_view_verified,True,True,False,False,CAT-CHAR-001,,,,,,,,,,,,,,
CAT-CHAR-002,EDU-0077,character,七码,G02,G02,全局角色,design_and_three_view_complete,PKG-CHARACTERS-V2.1,星骸拾荒者_人物形象设计全集_V2.1_补齐版/01_十二星球人物三视图/G02_锈环星_人物三视图.png,c549fe94157daea3606a1b7b32562e28108c9e54f2dac1b156b38c8097c0a0b3,design_board_entry,CHAR-002,星骸拾荒者_人物形象设计全集_V2.1_补齐版/02_清单与说明/星骸拾荒者_全项目美术资产主清单_V1.0.xlsx,ea329b30f458a567a92ef0f02b783eb58c4129596e4958e4cf739eb47329816e,71/71_design_identity_and_three_view_verified,True,True,False,False,CAT-CHAR-002,,,,,,,,,,,,,,
CAT-CHAR-003,,character,织星婆婆,G02,G02,全局角色,design_and_three_view_complete,PKG-CHARACTERS-V2.1,星骸拾荒者_人物形象设计全集_V2.1_补齐版/01_十二星球人物三视图/G02_锈环星_人物三视图.png,c549fe94157daea3606a1b7b32562e28108c9e54f2dac1b156b38c8097c0a0b3,design_board_entry,CHAR-003,星骸拾荒者_人物形象设计全集_V2.1_补齐版/02_清单与说明/星骸拾荒者_全项目美术资产主清单_V1.0.xlsx,ea329b30f458a567a92ef0f02b783eb58c4129596e4958e4cf739eb47329816e,71/71_design_identity_and_three_view_verified,True,True,False,False,CAT-CHAR-003,,,,,,,,,,,,,,
CAT-CHAR-004,,character,豆包,G02,G02,星球NPC,design_and_three_view_complete,PKG-CHARACTERS-V2.1,星骸拾荒者_人物形象设计全集_V2.1_补齐版/01_十二星球人物三视图/G02_锈环星_人物三视图.png,c549fe94157daea3606a1b7b32562e28108c9e54f2dac1b156b38c8097c0a0b3,design_board_entry,CHAR-004,星骸拾荒者_人物形象设计全集_V2.1_补齐版/02_清单与说明/星骸拾荒者_全项目美术资产主清单_V1.0.xlsx,ea329b30f458a567a92ef0f02b783eb58c4129596e4958e4cf739eb47329816e,71/71_design_identity_and_three_view_verified,True,True,False,False,CAT-CHAR-004,,,,,,,,,,,,,,
CAT-CHAR-005,,character,阿铆,G02,G02,星球NPC,design_and_three_view_complete,PKG-CHARACTERS-V2.1,星骸拾荒者_人物形象设计全集_V2.1_补齐版/01_十二星球人物三视图/G02_锈环星_人物三视图.png,c549fe94157daea3606a1b7b32562e28108c9e54f2dac1b156b38c8097c0a0b3,design_board_entry,CHAR-005,星骸拾荒者_人物形象设计全集_V2.1_补齐版/02_清单与说明/星骸拾荒者_全项目美术资产主清单_V1.0.xlsx,ea329b30f458a567a92ef0f02b783eb58c4129596e4958e4cf739eb47329816e,71/71_design_identity_and_three_view_verified,True,True,False,False,CAT-CHAR-005,,,,,,,,,,,,,,
CAT-CHAR-006,,character,小线球,G02,G02,星球NPC,design_and_three_view_complete,PKG-CHARACTERS-V2.1,星骸拾荒者_人物形象设计全集_V2.1_补齐版/01_十二星球人物三视图/G02_锈环星_人物三视图.png,c549fe94157daea3606a1b7b32562e28108c9e54f2dac1b156b38c8097c0a0b3,design_board_entry,CHAR-006,星骸拾荒者_人物形象设计全集_V2.1_补齐版/02_清单与说明/星骸拾荒者_全项目美术资产主清单_V1.0.xlsx,ea329b30f458a567a92ef0f02b783eb58c4129596e4958e4cf739eb47329816e,71/71_design_identity_and_three_view_verified,True,True,False,False,CAT-CHAR-006,,,,,,,,,,,,,,
CAT-CHAR-007,,character,狰,G02,G02,管理员,design_and_three_view_complete,PKG-CHARACTERS-V2.1,星骸拾荒者_人物形象设计全集_V2.1_补齐版/01_十二星球人物三视图/G02_锈环星_人物三视图.png,c549fe94157daea3606a1b7b32562e28108c9e54f2dac1b156b38c8097c0a0b3,design_board_entry,CHAR-007,星骸拾荒者_人物形象设计全集_V2.1_补齐版/02_清单与说明/星骸拾荒者_全项目美术资产主清单_V1.0.xlsx,ea329b30f458a567a92ef0f02b783eb58c4129596e4958e4cf739eb47329816e,71/71_design_identity_and_three_view_verified,True,True,False,False,CAT-CHAR-007,,,,,,,,,,,,,,
CAT-CHAR-008,,character,卡卡,G03,G03,星球NPC,design_and_three_view_complete,PKG-CHARACTERS-V2.1,星骸拾荒者_人物形象设计全集_V2.1_补齐版/01_十二星球人物三视图/G03_齿轮荒原_人物三视图.png,51956299eabc1beb9093d8214e5b8eb78b09ba6cf532e72f72ca820df4dffc98,design_board_entry,CHAR-008,星骸拾荒者_人物形象设计全集_V2.1_补齐版/02_清单与说明/星骸拾荒者_全项目美术资产主清单_V1.0.xlsx,ea329b30f458a567a92ef0f02b783eb58c4129596e4958e4cf739eb47329816e,71/71_design_identity_and_three_view_verified,True,True,False,False,CAT-CHAR-008,,,,,,,,,,,,,,
CAT-CHAR-009,,character,方盒姨,G03,G03,星球NPC,design_and_three_view_complete,PKG-CHARACTERS-V2.1,星骸拾荒者_人物形象设计全集_V2.1_补齐版/01_十二星球人物三视图/G03_齿轮荒原_人物三视图.png,51956299eabc1beb9093d8214e5b8eb78b09ba6cf532e72f72ca820df4dffc98,design_board_entry,CHAR-009,星骸拾荒者_人物形象设计全集_V2.1_补齐版/02_清单与说明/星骸拾荒者_全项目美术资产主清单_V1.0.xlsx,ea329b30f458a567a92ef0f02b783eb58c4129596e4958e4cf739eb47329816e,71/71_design_identity_and_three_view_verified,True,True,False,False,CAT-CHAR-009,,,,,,,,,,,,,,
CAT-CHAR-010,,character,叮,G03,G03,星球NPC,design_and_three_view_complete,PKG-CHARACTERS-V2.1,星骸拾荒者_人物形象设计全集_V2.1_补齐版/01_十二星球人物三视图/G03_齿轮荒原_人物三视图.png,51956299eabc1beb9093d8214e5b8eb78b09ba6cf532e72f72ca820df4dffc98,design_board_entry,CHAR-010,星骸拾荒者_人物形象设计全集_V2.1_补齐版/02_清单与说明/星骸拾荒者_全项目美术资产主清单_V1.0.xlsx,ea329b30f458a567a92ef0f02b783eb58c4129596e4958e4cf739eb47329816e,71/71_design_identity_and_three_view_verified,True,True,False,False,CAT-CHAR-010,,,,,,,,,,,,,,
CAT-CHAR-011,,character,当,G03,G03,星球NPC,design_and_three_view_complete,PKG-CHARACTERS-V2.1,星骸拾荒者_人物形象设计全集_V2.1_补齐版/01_十二星球人物三视图/G03_齿轮荒原_人物三视图.png,51956299eabc1beb9093d8214e5b8eb78b09ba6cf532e72f72ca820df4dffc98,design_board_entry,CHAR-011,星骸拾荒者_人物形象设计全集_V2.1_补齐版/02_清单与说明/星骸拾荒者_全项目美术资产主清单_V1.0.xlsx,ea329b30f458a567a92ef0f02b783eb58c4129596e4958e4cf739eb47329816e,71/71_design_identity_and_three_view_verified,True,True,False,False,CAT-CHAR-011,,,,,,,,,,,,,,
CAT-CHAR-012,,character,咔,G03,G03,星球NPC,design_and_three_view_complete,PKG-CHARACTERS-V2.1,星骸拾荒者_人物形象设计全集_V2.1_补齐版/01_十二星球人物三视图/G03_齿轮荒原_人物三视图.png,51956299eabc1beb9093d8214e5b8eb78b09ba6cf532e72f72ca820df4dffc98,design_board_entry,CHAR-012,星骸拾荒者_人物形象设计全集_V2.1_补齐版/02_清单与说明/星骸拾荒者_全项目美术资产主清单_V1.0.xlsx,ea329b30f458a567a92ef0f02b783eb58c4129596e4958e4cf739eb47329816e,71/71_design_identity_and_three_view_verified,True,True,False,False,CAT-CHAR-012,,,,,,,,,,,,,,
CAT-CHAR-013,,character,嚓,G03,G03,星球NPC,design_and_three_view_complete,PKG-CHARACTERS-V2.1,星骸拾荒者_人物形象设计全集_V2.1_补齐版/01_十二星球人物三视图/G03_齿轮荒原_人物三视图.png,51956299eabc1beb9093d8214e5b8eb78b09ba6cf532e72f72ca820df4dffc98,design_board_entry,CHAR-013,星骸拾荒者_人物形象设计全集_V2.1_补齐版/02_清单与说明/星骸拾荒者_全项目美术资产主清单_V1.0.xlsx,ea329b30f458a567a92ef0f02b783eb58c4129596e4958e4cf739eb47329816e,71/71_design_identity_and_three_view_verified,True,True,False,False,CAT-CHAR-013,,,,,,,,,,,,,,
CAT-CHAR-014,,character,饕餮,G03,G03,管理员,design_and_three_view_complete,PKG-CHARACTERS-V2.1,星骸拾荒者_人物形象设计全集_V2.1_补齐版/01_十二星球人物三视图/G03_齿轮荒原_人物三视图.png,51956299eabc1beb9093d8214e5b8eb78b09ba6cf532e72f72ca820df4dffc98,design_board_entry,CHAR-014,星骸拾荒者_人物形象设计全集_V2.1_补齐版/02_清单与说明/星骸拾荒者_全项目美术资产主清单_V1.0.xlsx,ea329b30f458a567a92ef0f02b783eb58c4129596e4958e4cf739eb47329816e,71/71_design_identity_and_three_view_verified,True,True,False,False,CAT-CHAR-014,,,,,,,,,,,,,,
CAT-CHAR-015,,character,沙铃,G04,G04,星球NPC,design_and_three_view_complete,PKG-CHARACTERS-V2.1,星骸拾荒者_人物形象设计全集_V2.1_补齐版/01_十二星球人物三视图/G04_镜面沙海_人物三视图.png,c96d4a5d7127202e97ae36145f89072fad90689a68767e58817b2b3bf46c331e,design_board_entry,CHAR-015,星骸拾荒者_人物形象设计全集_V2.1_补齐版/02_清单与说明/星骸拾荒者_全项目美术资产主清单_V1.0.xlsx,ea329b30f458a567a92ef0f02b783eb58c4129596e4958e4cf739eb47329816e,71/71_design_identity_and_three_view_verified,True,True,False,False,CAT-CHAR-015,,,,,,,,,,,,,,
CAT-CHAR-016,,character,阿左,G04,G04,星球NPC,design_and_three_view_complete,PKG-CHARACTERS-V2.1,星骸拾荒者_人物形象设计全集_V2.1_补齐版/01_十二星球人物三视图/G04_镜面沙海_人物三视图.png,c96d4a5d7127202e97ae36145f89072fad90689a68767e58817b2b3bf46c331e,design_board_entry,CHAR-016,星骸拾荒者_人物形象设计全集_V2.1_补齐版/02_清单与说明/星骸拾荒者_全项目美术资产主清单_V1.0.xlsx,ea329b30f458a567a92ef0f02b783eb58c4129596e4958e4cf739eb47329816e,71/71_design_identity_and_three_view_verified,True,True,False,False,CAT-CHAR-016,,,,,,,,,,,,,,
CAT-CHAR-017,,character,阿右,G04,G04,星球NPC,design_and_three_view_complete,PKG-CHARACTERS-V2.1,星骸拾荒者_人物形象设计全集_V2.1_补齐版/01_十二星球人物三视图/G04_镜面沙海_人物三视图.png,c96d4a5d7127202e97ae36145f89072fad90689a68767e58817b2b3bf46c331e,design_board_entry,CHAR-017,星骸拾荒者_人物形象设计全集_V2.1_补齐版/02_清单与说明/星骸拾荒者_全项目美术资产主清单_V1.0.xlsx,ea329b30f458a567a92ef0f02b783eb58c4129596e4958e4cf739eb47329816e,71/71_design_identity_and_three_view_verified,True,True,False,False,CAT-CHAR-017,,,,,,,,,,,,,,
CAT-CHAR-018,,character,翎片,G04,G04,星球NPC,design_and_three_view_complete,PKG-CHARACTERS-V2.1,星骸拾荒者_人物形象设计全集_V2.1_补齐版/01_十二星球人物三视图/G04_镜面沙海_人物三视图.png,c96d4a5d7127202e97ae36145f89072fad90689a68767e58817b2b3bf46c331e,design_board_entry,CHAR-018,星骸拾荒者_人物形象设计全集_V2.1_补齐版/02_清单与说明/星骸拾荒者_全项目美术资产主清单_V1.0.xlsx,ea329b30f458a567a92ef0f02b783eb58c4129596e4958e4cf739eb47329816e,71/71_design_identity_and_three_view_verified,True,True,False,False,CAT-CHAR-018,,,,,,,,,,,,,,
CAT-CHAR-019,,character,背面人,G04,G04,星球NPC,design_and_three_view_complete,PKG-CHARACTERS-V2.1,星骸拾荒者_人物形象设计全集_V2.1_补齐版/01_十二星球人物三视图/G04_镜面沙海_人物三视图.png,c96d4a5d7127202e97ae36145f89072fad90689a68767e58817b2b3bf46c331e,design_board_entry,CHAR-019,星骸拾荒者_人物形象设计全集_V2.1_补齐版/02_清单与说明/星骸拾荒者_全项目美术资产主清单_V1.0.xlsx,ea329b30f458a567a92ef0f02b783eb58c4129596e4958e4cf739eb47329816e,71/71_design_identity_and_three_view_verified,True,True,False,False,CAT-CHAR-019,,,,,,,,,,,,,,
CAT-CHAR-020,,character,九尾狐,G04,G04,管理员,design_and_three_view_complete,PKG-CHARACTERS-V2.1,星骸拾荒者_人物形象设计全集_V2.1_补齐版/01_十二星球人物三视图/G04_镜面沙海_人物三视图.png,c96d4a5d7127202e97ae36145f89072fad90689a68767e58817b2b3bf46c331e,design_board_entry,CHAR-020,星骸拾荒者_人物形象设计全集_V2.1_补齐版/02_清单与说明/星骸拾荒者_全项目美术资产主清单_V1.0.xlsx,ea329b30f458a567a92ef0f02b783eb58c4129596e4958e4cf739eb47329816e,71/71_design_identity_and_three_view_verified,True,True,False,False,CAT-CHAR-020,,,,,,,,,,,,,,
CAT-CHAR-021,,character,米米,G05,G05,星球NPC,design_and_three_view_complete,PKG-CHARACTERS-V2.1,星骸拾荒者_人物形象设计全集_V2.1_补齐版/01_十二星球人物三视图/G05_刻度冰原_人物三视图.png,b9cc7b4e9fe45b6f2eea7562967c98b35869db53543d8feb25b131334dba7972,design_board_entry,CHAR-021,星骸拾荒者_人物形象设计全集_V2.1_补齐版/02_清单与说明/星骸拾荒者_全项目美术资产主清单_V1.0.xlsx,ea329b30f458a567a92ef0f02b783eb58c4129596e4958e4cf739eb47329816e,71/71_design_identity_and_three_view_verified,True,True,False,False,CAT-CHAR-021,,,,,,,,,,,,,,
CAT-CHAR-022,,character,秤砣叔,G05,G05,星球NPC,design_and_three_view_complete,PKG-CHARACTERS-V2.1,星骸拾荒者_人物形象设计全集_V2.1_补齐版/01_十二星球人物三视图/G05_刻度冰原_人物三视图.png,b9cc7b4e9fe45b6f2eea7562967c98b35869db53543d8feb25b131334dba7972,design_board_entry,CHAR-022,星骸拾荒者_人物形象设计全集_V2.1_补齐版/02_清单与说明/星骸拾荒者_全项目美术资产主清单_V1.0.xlsx,ea329b30f458a567a92ef0f02b783eb58c4129596e4958e4cf739eb47329816e,71/71_design_identity_and_three_view_verified,True,True,False,False,CAT-CHAR-022,,,,,,,,,,,,,,
CAT-CHAR-023,,character,升升,G05,G05,星球NPC,design_and_three_view_complete,PKG-CHARACTERS-V2.1,星骸拾荒者_人物形象设计全集_V2.1_补齐版/01_十二星球人物三视图/G05_刻度冰原_人物三视图.png,b9cc7b4e9fe45b6f2eea7562967c98b35869db53543d8feb25b131334dba7972,design_board_entry,CHAR-023,星骸拾荒者_人物形象设计全集_V2.1_补齐版/02_清单与说明/星骸拾荒者_全项目美术资产主清单_V1.0.xlsx,ea329b30f458a567a92ef0f02b783eb58c4129596e4958e4cf739eb47329816e,71/71_design_identity_and_three_view_verified,True,True,False,False,CAT-CHAR-023,,,,,,,,,,,,,,
CAT-CHAR-024,,character,滴答,G05,G05,星球NPC,design_and_three_view_complete,PKG-CHARACTERS-V2.1,星骸拾荒者_人物形象设计全集_V2.1_补齐版/01_十二星球人物三视图/G05_刻度冰原_人物三视图.png,b9cc7b4e9fe45b6f2eea7562967c98b35869db53543d8feb25b131334dba7972,design_board_entry,CHAR-024,星骸拾荒者_人物形象设计全集_V2.1_补齐版/02_清单与说明/星骸拾荒者_全项目美术资产主清单_V1.0.xlsx,ea329b30f458a567a92ef0f02b783eb58c4129596e4958e4cf739eb47329816e,71/71_design_identity_and_three_view_verified,True,True,False,False,CAT-CHAR-024,,,,,,,,,,,,,,
CAT-CHAR-025,,character,冰夷,G05,G05,管理员,design_and_three_view_complete,PKG-CHARACTERS-V2.1,星骸拾荒者_人物形象设计全集_V2.1_补齐版/01_十二星球人物三视图/G05_刻度冰原_人物三视图.png,b9cc7b4e9fe45b6f2eea7562967c98b35869db53543d8feb25b131334dba7972,design_board_entry,CHAR-025,星骸拾荒者_人物形象设计全集_V2.1_补齐版/02_清单与说明/星骸拾荒者_全项目美术资产主清单_V1.0.xlsx,ea329b30f458a567a92ef0f02b783eb58c4129596e4958e4cf739eb47329816e,71/71_design_identity_and_three_view_verified,True,True,False,False,CAT-CHAR-025,,,,,,,,,,,,,,
CAT-CHAR-026,,character,半半,G06,G06,星球NPC,design_and_three_view_complete,PKG-CHARACTERS-V2.1,星骸拾荒者_人物形象设计全集_V2.1_补齐版/01_十二星球人物三视图/G06_分片群岛_人物三视图.png,0c422a68bdb7413a59b66ec23be992cc145512ee772dab751a0654565cf6f586,design_board_entry,CHAR-026,星骸拾荒者_人物形象设计全集_V2.1_补齐版/02_清单与说明/星骸拾荒者_全项目美术资产主清单_V1.0.xlsx,ea329b30f458a567a92ef0f02b783eb58c4129596e4958e4cf739eb47329816e,71/71_design_identity_and_three_view_verified,True,True,False,False,CAT-CHAR-026,,,,,,,,,,,,,,
CAT-CHAR-027,,character,圆饼师傅,G06,G06,星球NPC,design_and_three_view_complete,PKG-CHARACTERS-V2.1,星骸拾荒者_人物形象设计全集_V2.1_补齐版/01_十二星球人物三视图/G06_分片群岛_人物三视图.png,0c422a68bdb7413a59b66ec23be992cc145512ee772dab751a0654565cf6f586,design_board_entry,CHAR-027,星骸拾荒者_人物形象设计全集_V2.1_补齐版/02_清单与说明/星骸拾荒者_全项目美术资产主清单_V1.0.xlsx,ea329b30f458a567a92ef0f02b783eb58c4129596e4958e4cf739eb47329816e,71/71_design_identity_and_three_view_verified,True,True,False,False,CAT-CHAR-027,,,,,,,,,,,,,,
CAT-CHAR-028,,character,格格船长,G06,G06,星球NPC,design_and_three_view_complete,PKG-CHARACTERS-V2.1,星骸拾荒者_人物形象设计全集_V2.1_补齐版/01_十二星球人物三视图/G06_分片群岛_人物三视图.png,0c422a68bdb7413a59b66ec23be992cc145512ee772dab751a0654565cf6f586,design_board_entry,CHAR-028,星骸拾荒者_人物形象设计全集_V2.1_补齐版/02_清单与说明/星骸拾荒者_全项目美术资产主清单_V1.0.xlsx,ea329b30f458a567a92ef0f02b783eb58c4129596e4958e4cf739eb47329816e,71/71_design_identity_and_three_view_verified,True,True,False,False,CAT-CHAR-028,,,,,,,,,,,,,,
CAT-CHAR-029,,character,小滴,G06,G06,星球NPC,design_and_three_view_complete,PKG-CHARACTERS-V2.1,星骸拾荒者_人物形象设计全集_V2.1_补齐版/01_十二星球人物三视图/G06_分片群岛_人物三视图.png,0c422a68bdb7413a59b66ec23be992cc145512ee772dab751a0654565cf6f586,design_board_entry,CHAR-029,星骸拾荒者_人物形象设计全集_V2.1_补齐版/02_清单与说明/星骸拾荒者_全项目美术资产主清单_V1.0.xlsx,ea329b30f458a567a92ef0f02b783eb58c4129596e4958e4cf739eb47329816e,71/71_design_identity_and_three_view_verified,True,True,False,False,CAT-CHAR-029,,,,,,,,,,,,,,
CAT-CHAR-030,,character,相柳,G06,G06,管理员,design_and_three_view_complete,PKG-CHARACTERS-V2.1,星骸拾荒者_人物形象设计全集_V2.1_补齐版/01_十二星球人物三视图/G06_分片群岛_人物三视图.png,0c422a68bdb7413a59b66ec23be992cc145512ee772dab751a0654565cf6f586,design_board_entry,CHAR-030,星骸拾荒者_人物形象设计全集_V2.1_补齐版/02_清单与说明/星骸拾荒者_全项目美术资产主清单_V1.0.xlsx,ea329b30f458a567a92ef0f02b783eb58c4129596e4958e4cf739eb47329816e,71/71_design_identity_and_three_view_verified,True,True,False,False,CAT-CHAR-030,,,,,,,,,,,,,,
CAT-CHAR-031,,character,格尺,G07,G07,星球NPC,design_and_three_view_complete,PKG-CHARACTERS-V2.1,星骸拾荒者_人物形象设计全集_V2.1_补齐版/01_十二星球人物三视图/G07_方格城_人物三视图.png,34cec658a42a47eb95f3462a73f54fb8d6815053ead6c9620868ad3eaf18969e,design_board_entry,CHAR-031,星骸拾荒者_人物形象设计全集_V2.1_补齐版/02_清单与说明/星骸拾荒者_全项目美术资产主清单_V1.0.xlsx,ea329b30f458a567a92ef0f02b783eb58c4129596e4958e4cf739eb47329816e,71/71_design_identity_and_three_view_verified,True,True,False,False,CAT-CHAR-031,,,,,,,,,,,,,,
CAT-CHAR-032,,character,围围婆婆,G07,G07,星球NPC,design_and_three_view_complete,PKG-CHARACTERS-V2.1,星骸拾荒者_人物形象设计全集_V2.1_补齐版/01_十二星球人物三视图/G07_方格城_人物三视图.png,34cec658a42a47eb95f3462a73f54fb8d6815053ead6c9620868ad3eaf18969e,design_board_entry,CHAR-032,星骸拾荒者_人物形象设计全集_V2.1_补齐版/02_清单与说明/星骸拾荒者_全项目美术资产主清单_V1.0.xlsx,ea329b30f458a567a92ef0f02b783eb58c4129596e4958e4cf739eb47329816e,71/71_design_identity_and_three_view_verified,True,True,False,False,CAT-CHAR-032,,,,,,,,,,,,,,
CAT-CHAR-033,,character,砖砖队长,G07,G07,星球NPC,design_and_three_view_complete,PKG-CHARACTERS-V2.1,星骸拾荒者_人物形象设计全集_V2.1_补齐版/01_十二星球人物三视图/G07_方格城_人物三视图.png,34cec658a42a47eb95f3462a73f54fb8d6815053ead6c9620868ad3eaf18969e,design_board_entry,CHAR-033,星骸拾荒者_人物形象设计全集_V2.1_补齐版/02_清单与说明/星骸拾荒者_全项目美术资产主清单_V1.0.xlsx,ea329b30f458a567a92ef0f02b783eb58c4129596e4958e4cf739eb47329816e,71/71_design_identity_and_three_view_verified,True,True,False,False,CAT-CHAR-033,,,,,,,,,,,,,,
CAT-CHAR-034,,character,角角,G07,G07,星球NPC,design_and_three_view_complete,PKG-CHARACTERS-V2.1,星骸拾荒者_人物形象设计全集_V2.1_补齐版/01_十二星球人物三视图/G07_方格城_人物三视图.png,34cec658a42a47eb95f3462a73f54fb8d6815053ead6c9620868ad3eaf18969e,design_board_entry,CHAR-034,星骸拾荒者_人物形象设计全集_V2.1_补齐版/02_清单与说明/星骸拾荒者_全项目美术资产主清单_V1.0.xlsx,ea329b30f458a567a92ef0f02b783eb58c4129596e4958e4cf739eb47329816e,71/71_design_identity_and_three_view_verified,True,True,False,False,CAT-CHAR-034,,,,,,,,,,,,,,
CAT-CHAR-035,,character,夔,G07,G07,管理员,design_and_three_view_complete,PKG-CHARACTERS-V2.1,星骸拾荒者_人物形象设计全集_V2.1_补齐版/01_十二星球人物三视图/G07_方格城_人物三视图.png,34cec658a42a47eb95f3462a73f54fb8d6815053ead6c9620868ad3eaf18969e,design_board_entry,CHAR-035,星骸拾荒者_人物形象设计全集_V2.1_补齐版/02_清单与说明/星骸拾荒者_全项目美术资产主清单_V1.0.xlsx,ea329b30f458a567a92ef0f02b783eb58c4129596e4958e4cf739eb47329816e,71/71_design_identity_and_three_view_verified,True,True,False,False,CAT-CHAR-035,,,,,,,,,,,,,,
CAT-CHAR-036,,character,小刻,G08,G08,星球NPC,design_and_three_view_complete,PKG-CHARACTERS-V2.1,星骸拾荒者_人物形象设计全集_V2.1_补齐版/01_十二星球人物三视图/G08_钟摆之城_人物三视图.png,3b89d70aa5808ad656888864c7c161c98d9043151041dcec04cf94303b130cd1,design_board_entry,CHAR-036,星骸拾荒者_人物形象设计全集_V2.1_补齐版/02_清单与说明/星骸拾荒者_全项目美术资产主清单_V1.0.xlsx,ea329b30f458a567a92ef0f02b783eb58c4129596e4958e4cf739eb47329816e,71/71_design_identity_and_three_view_verified,True,True,False,False,CAT-CHAR-036,,,,,,,,,,,,,,
CAT-CHAR-037,,character,午午站长,G08,G08,星球NPC,design_and_three_view_complete,PKG-CHARACTERS-V2.1,星骸拾荒者_人物形象设计全集_V2.1_补齐版/01_十二星球人物三视图/G08_钟摆之城_人物三视图.png,3b89d70aa5808ad656888864c7c161c98d9043151041dcec04cf94303b130cd1,design_board_entry,CHAR-037,星骸拾荒者_人物形象设计全集_V2.1_补齐版/02_清单与说明/星骸拾荒者_全项目美术资产主清单_V1.0.xlsx,ea329b30f458a567a92ef0f02b783eb58c4129596e4958e4cf739eb47329816e,71/71_design_identity_and_three_view_verified,True,True,False,False,CAT-CHAR-037,,,,,,,,,,,,,,
CAT-CHAR-038,,character,夜夜姐,G08,G08,星球NPC,design_and_three_view_complete,PKG-CHARACTERS-V2.1,星骸拾荒者_人物形象设计全集_V2.1_补齐版/01_十二星球人物三视图/G08_钟摆之城_人物三视图.png,3b89d70aa5808ad656888864c7c161c98d9043151041dcec04cf94303b130cd1,design_board_entry,CHAR-038,星骸拾荒者_人物形象设计全集_V2.1_补齐版/02_清单与说明/星骸拾荒者_全项目美术资产主清单_V1.0.xlsx,ea329b30f458a567a92ef0f02b783eb58c4129596e4958e4cf739eb47329816e,71/71_design_identity_and_three_view_verified,True,True,False,False,CAT-CHAR-038,,,,,,,,,,,,,,
CAT-CHAR-039,,character,三拍鼓,G08,G08,星球NPC,design_and_three_view_complete,PKG-CHARACTERS-V2.1,星骸拾荒者_人物形象设计全集_V2.1_补齐版/01_十二星球人物三视图/G08_钟摆之城_人物三视图.png,3b89d70aa5808ad656888864c7c161c98d9043151041dcec04cf94303b130cd1,design_board_entry,CHAR-039,星骸拾荒者_人物形象设计全集_V2.1_补齐版/02_清单与说明/星骸拾荒者_全项目美术资产主清单_V1.0.xlsx,ea329b30f458a567a92ef0f02b783eb58c4129596e4958e4cf739eb47329816e,71/71_design_identity_and_three_view_verified,True,True,False,False,CAT-CHAR-039,,,,,,,,,,,,,,
CAT-CHAR-040,,character,烛龙,G08,G08,管理员,design_and_three_view_complete,PKG-CHARACTERS-V2.1,星骸拾荒者_人物形象设计全集_V2.1_补齐版/01_十二星球人物三视图/G08_钟摆之城_人物三视图.png,3b89d70aa5808ad656888864c7c161c98d9043151041dcec04cf94303b130cd1,design_board_entry,CHAR-040,星骸拾荒者_人物形象设计全集_V2.1_补齐版/02_清单与说明/星骸拾荒者_全项目美术资产主清单_V1.0.xlsx,ea329b30f458a567a92ef0f02b783eb58c4129596e4958e4cf739eb47329816e,71/71_design_identity_and_three_view_verified,True,True,False,False,CAT-CHAR-040,,,,,,,,,,,,,,
CAT-CHAR-041,,character,星格,G09,G09,星球NPC,design_and_three_view_complete,PKG-CHARACTERS-V2.1,星骸拾荒者_人物形象设计全集_V2.1_补齐版/01_十二星球人物三视图/G09_棋阵卫星_人物三视图.png,9204c38e276f4571e95cd703c8e1b415390c1e28175e03f10a526814eb72274a,design_board_entry,CHAR-041,星骸拾荒者_人物形象设计全集_V2.1_补齐版/02_清单与说明/星骸拾荒者_全项目美术资产主清单_V1.0.xlsx,ea329b30f458a567a92ef0f02b783eb58c4129596e4958e4cf739eb47329816e,71/71_design_identity_and_three_view_verified,True,True,False,False,CAT-CHAR-041,,,,,,,,,,,,,,
CAT-CHAR-042,,character,白子爷爷,G09,G09,星球NPC,design_and_three_view_complete,PKG-CHARACTERS-V2.1,星骸拾荒者_人物形象设计全集_V2.1_补齐版/01_十二星球人物三视图/G09_棋阵卫星_人物三视图.png,9204c38e276f4571e95cd703c8e1b415390c1e28175e03f10a526814eb72274a,design_board_entry,CHAR-042,星骸拾荒者_人物形象设计全集_V2.1_补齐版/02_清单与说明/星骸拾荒者_全项目美术资产主清单_V1.0.xlsx,ea329b30f458a567a92ef0f02b783eb58c4129596e4958e4cf739eb47329816e,71/71_design_identity_and_three_view_verified,True,True,False,False,CAT-CHAR-042,,,,,,,,,,,,,,
CAT-CHAR-043,,character,小孔,G09,G09,星球NPC,design_and_three_view_complete,PKG-CHARACTERS-V2.1,星骸拾荒者_人物形象设计全集_V2.1_补齐版/01_十二星球人物三视图/G09_棋阵卫星_人物三视图.png,9204c38e276f4571e95cd703c8e1b415390c1e28175e03f10a526814eb72274a,design_board_entry,CHAR-043,星骸拾荒者_人物形象设计全集_V2.1_补齐版/02_清单与说明/星骸拾荒者_全项目美术资产主清单_V1.0.xlsx,ea329b30f458a567a92ef0f02b783eb58c4129596e4958e4cf739eb47329816e,71/71_design_identity_and_three_view_verified,True,True,False,False,CAT-CHAR-043,,,,,,,,,,,,,,
CAT-CHAR-044,,character,直角队长,G09,G09,星球NPC,design_and_three_view_complete,PKG-CHARACTERS-V2.1,星骸拾荒者_人物形象设计全集_V2.1_补齐版/01_十二星球人物三视图/G09_棋阵卫星_人物三视图.png,9204c38e276f4571e95cd703c8e1b415390c1e28175e03f10a526814eb72274a,design_board_entry,CHAR-044,星骸拾荒者_人物形象设计全集_V2.1_补齐版/02_清单与说明/星骸拾荒者_全项目美术资产主清单_V1.0.xlsx,ea329b30f458a567a92ef0f02b783eb58c4129596e4958e4cf739eb47329816e,71/71_design_identity_and_three_view_verified,True,True,False,False,CAT-CHAR-044,,,,,,,,,,,,,,
CAT-CHAR-045,,character,斜线妹,G09,G09,星球NPC,design_and_three_view_complete,PKG-CHARACTERS-V2.1,星骸拾荒者_人物形象设计全集_V2.1_补齐版/01_十二星球人物三视图/G09_棋阵卫星_人物三视图.png,9204c38e276f4571e95cd703c8e1b415390c1e28175e03f10a526814eb72274a,design_board_entry,CHAR-045,星骸拾荒者_人物形象设计全集_V2.1_补齐版/02_清单与说明/星骸拾荒者_全项目美术资产主清单_V1.0.xlsx,ea329b30f458a567a92ef0f02b783eb58c4129596e4958e4cf739eb47329816e,71/71_design_identity_and_three_view_verified,True,True,False,False,CAT-CHAR-045,,,,,,,,,,,,,,
CAT-CHAR-046,,character,无名棋子,G09,G09,星球NPC,design_and_three_view_complete,PKG-CHARACTERS-V2.1,星骸拾荒者_人物形象设计全集_V2.1_补齐版/01_十二星球人物三视图/G09_棋阵卫星_人物三视图.png,9204c38e276f4571e95cd703c8e1b415390c1e28175e03f10a526814eb72274a,design_board_entry,CHAR-046,星骸拾荒者_人物形象设计全集_V2.1_补齐版/02_清单与说明/星骸拾荒者_全项目美术资产主清单_V1.0.xlsx,ea329b30f458a567a92ef0f02b783eb58c4129596e4958e4cf739eb47329816e,71/71_design_identity_and_three_view_verified,True,True,False,False,CAT-CHAR-046,,,,,,,,,,,,,,
CAT-CHAR-047,,character,穷奇,G09,G09,管理员,design_and_three_view_complete,PKG-CHARACTERS-V2.1,星骸拾荒者_人物形象设计全集_V2.1_补齐版/01_十二星球人物三视图/G09_棋阵卫星_人物三视图.png,9204c38e276f4571e95cd703c8e1b415390c1e28175e03f10a526814eb72274a,design_board_entry,CHAR-047,星骸拾荒者_人物形象设计全集_V2.1_补齐版/02_清单与说明/星骸拾荒者_全项目美术资产主清单_V1.0.xlsx,ea329b30f458a567a92ef0f02b783eb58c4129596e4958e4cf739eb47329816e,71/71_design_identity_and_three_view_verified,True,True,False,False,CAT-CHAR-047,,,,,,,,,,,,,,
CAT-CHAR-048,,character,云朵朵,G10,G10,星球NPC,design_and_three_view_complete,PKG-CHARACTERS-V2.1,星骸拾荒者_人物形象设计全集_V2.1_补齐版/01_十二星球人物三视图/G10_概率云港_人物三视图.png,dba51b0b4fd7a45889afb0403359b04ab0a834a807985ceb14de845791e71114,design_board_entry,CHAR-048,星骸拾荒者_人物形象设计全集_V2.1_补齐版/02_清单与说明/星骸拾荒者_全项目美术资产主清单_V1.0.xlsx,ea329b30f458a567a92ef0f02b783eb58c4129596e4958e4cf739eb47329816e,71/71_design_identity_and_three_view_verified,True,True,False,False,CAT-CHAR-048,,,,,,,,,,,,,,
CAT-CHAR-049,,character,港长柱叔,G10,G10,星球NPC,design_and_three_view_complete,PKG-CHARACTERS-V2.1,星骸拾荒者_人物形象设计全集_V2.1_补齐版/01_十二星球人物三视图/G10_概率云港_人物三视图.png,dba51b0b4fd7a45889afb0403359b04ab0a834a807985ceb14de845791e71114,design_board_entry,CHAR-049,星骸拾荒者_人物形象设计全集_V2.1_补齐版/02_清单与说明/星骸拾荒者_全项目美术资产主清单_V1.0.xlsx,ea329b30f458a567a92ef0f02b783eb58c4129596e4958e4cf739eb47329816e,71/71_design_identity_and_three_view_verified,True,True,False,False,CAT-CHAR-049,,,,,,,,,,,,,,
CAT-CHAR-050,,character,小风车,G10,G10,星球NPC,design_and_three_view_complete,PKG-CHARACTERS-V2.1,星骸拾荒者_人物形象设计全集_V2.1_补齐版/01_十二星球人物三视图/G10_概率云港_人物三视图.png,dba51b0b4fd7a45889afb0403359b04ab0a834a807985ceb14de845791e71114,design_board_entry,CHAR-050,星骸拾荒者_人物形象设计全集_V2.1_补齐版/02_清单与说明/星骸拾荒者_全项目美术资产主清单_V1.0.xlsx,ea329b30f458a567a92ef0f02b783eb58c4129596e4958e4cf739eb47329816e,71/71_design_identity_and_three_view_verified,True,True,False,False,CAT-CHAR-050,,,,,,,,,,,,,,
CAT-CHAR-051,,character,箱箱队长,G10,G10,星球NPC,design_and_three_view_complete,PKG-CHARACTERS-V2.1,星骸拾荒者_人物形象设计全集_V2.1_补齐版/01_十二星球人物三视图/G10_概率云港_人物三视图.png,dba51b0b4fd7a45889afb0403359b04ab0a834a807985ceb14de845791e71114,design_board_entry,CHAR-051,星骸拾荒者_人物形象设计全集_V2.1_补齐版/02_清单与说明/星骸拾荒者_全项目美术资产主清单_V1.0.xlsx,ea329b30f458a567a92ef0f02b783eb58c4129596e4958e4cf739eb47329816e,71/71_design_identity_and_three_view_verified,True,True,False,False,CAT-CHAR-051,,,,,,,,,,,,,,
CAT-CHAR-052,,character,晴,G10,G10,星球NPC,design_and_three_view_complete,PKG-CHARACTERS-V2.1,星骸拾荒者_人物形象设计全集_V2.1_补齐版/01_十二星球人物三视图/G10_概率云港_人物三视图.png,dba51b0b4fd7a45889afb0403359b04ab0a834a807985ceb14de845791e71114,design_board_entry,CHAR-052,星骸拾荒者_人物形象设计全集_V2.1_补齐版/02_清单与说明/星骸拾荒者_全项目美术资产主清单_V1.0.xlsx,ea329b30f458a567a92ef0f02b783eb58c4129596e4958e4cf739eb47329816e,71/71_design_identity_and_three_view_verified,True,True,False,False,CAT-CHAR-052,,,,,,,,,,,,,,
CAT-CHAR-053,,character,雨,G10,G10,星球NPC,design_and_three_view_complete,PKG-CHARACTERS-V2.1,星骸拾荒者_人物形象设计全集_V2.1_补齐版/01_十二星球人物三视图/G10_概率云港_人物三视图.png,dba51b0b4fd7a45889afb0403359b04ab0a834a807985ceb14de845791e71114,design_board_entry,CHAR-053,星骸拾荒者_人物形象设计全集_V2.1_补齐版/02_清单与说明/星骸拾荒者_全项目美术资产主清单_V1.0.xlsx,ea329b30f458a567a92ef0f02b783eb58c4129596e4958e4cf739eb47329816e,71/71_design_identity_and_three_view_verified,True,True,False,False,CAT-CHAR-053,,,,,,,,,,,,,,
CAT-CHAR-054,,character,毕方,G10,G10,管理员,design_and_three_view_complete,PKG-CHARACTERS-V2.1,星骸拾荒者_人物形象设计全集_V2.1_补齐版/01_十二星球人物三视图/G10_概率云港_人物三视图.png,dba51b0b4fd7a45889afb0403359b04ab0a834a807985ceb14de845791e71114,design_board_entry,CHAR-054,星骸拾荒者_人物形象设计全集_V2.1_补齐版/02_清单与说明/星骸拾荒者_全项目美术资产主清单_V1.0.xlsx,ea329b30f458a567a92ef0f02b783eb58c4129596e4958e4cf739eb47329816e,71/71_design_identity_and_three_view_verified,True,True,False,False,CAT-CHAR-054,,,,,,,,,,,,,,
CAT-CHAR-055,,character,方方厂长,G11,G11,星球NPC,design_and_three_view_complete,PKG-CHARACTERS-V2.1,星骸拾荒者_人物形象设计全集_V2.1_补齐版/01_十二星球人物三视图/G11_立体工厂_人物三视图.png,ba8b0a8c45fb0476ef44c7377fec525dfd41c73df517ad4598f8ea046df2918c,design_board_entry,CHAR-055,星骸拾荒者_人物形象设计全集_V2.1_补齐版/02_清单与说明/星骸拾荒者_全项目美术资产主清单_V1.0.xlsx,ea329b30f458a567a92ef0f02b783eb58c4129596e4958e4cf739eb47329816e,71/71_design_identity_and_three_view_verified,True,True,False,False,CAT-CHAR-055,,,,,,,,,,,,,,
CAT-CHAR-056,,character,折折师傅,G11,G11,星球NPC,design_and_three_view_complete,PKG-CHARACTERS-V2.1,星骸拾荒者_人物形象设计全集_V2.1_补齐版/01_十二星球人物三视图/G11_立体工厂_人物三视图.png,ba8b0a8c45fb0476ef44c7377fec525dfd41c73df517ad4598f8ea046df2918c,design_board_entry,CHAR-056,星骸拾荒者_人物形象设计全集_V2.1_补齐版/02_清单与说明/星骸拾荒者_全项目美术资产主清单_V1.0.xlsx,ea329b30f458a567a92ef0f02b783eb58c4129596e4958e4cf739eb47329816e,71/71_design_identity_and_three_view_verified,True,True,False,False,CAT-CHAR-056,,,,,,,,,,,,,,
CAT-CHAR-057,,character,仓仓姐,G11,G11,星球NPC,design_and_three_view_complete,PKG-CHARACTERS-V2.1,星骸拾荒者_人物形象设计全集_V2.1_补齐版/01_十二星球人物三视图/G11_立体工厂_人物三视图.png,ba8b0a8c45fb0476ef44c7377fec525dfd41c73df517ad4598f8ea046df2918c,design_board_entry,CHAR-057,星骸拾荒者_人物形象设计全集_V2.1_补齐版/02_清单与说明/星骸拾荒者_全项目美术资产主清单_V1.0.xlsx,ea329b30f458a567a92ef0f02b783eb58c4129596e4958e4cf739eb47329816e,71/71_design_identity_and_three_view_verified,True,True,False,False,CAT-CHAR-057,,,,,,,,,,,,,,
CAT-CHAR-058,,character,棱角兄,G11,G11,星球NPC,design_and_three_view_complete,PKG-CHARACTERS-V2.1,星骸拾荒者_人物形象设计全集_V2.1_补齐版/01_十二星球人物三视图/G11_立体工厂_人物三视图.png,ba8b0a8c45fb0476ef44c7377fec525dfd41c73df517ad4598f8ea046df2918c,design_board_entry,CHAR-058,星骸拾荒者_人物形象设计全集_V2.1_补齐版/02_清单与说明/星骸拾荒者_全项目美术资产主清单_V1.0.xlsx,ea329b30f458a567a92ef0f02b783eb58c4129596e4958e4cf739eb47329816e,71/71_design_identity_and_three_view_verified,True,True,False,False,CAT-CHAR-058,,,,,,,,,,,,,,
CAT-CHAR-059,,character,棱角弟,G11,G11,星球NPC,design_and_three_view_complete,PKG-CHARACTERS-V2.1,星骸拾荒者_人物形象设计全集_V2.1_补齐版/01_十二星球人物三视图/G11_立体工厂_人物三视图.png,ba8b0a8c45fb0476ef44c7377fec525dfd41c73df517ad4598f8ea046df2918c,design_board_entry,CHAR-059,星骸拾荒者_人物形象设计全集_V2.1_补齐版/02_清单与说明/星骸拾荒者_全项目美术资产主清单_V1.0.xlsx,ea329b30f458a567a92ef0f02b783eb58c4129596e4958e4cf739eb47329816e,71/71_design_identity_and_three_view_verified,True,True,False,False,CAT-CHAR-059,,,,,,,,,,,,,,
CAT-CHAR-060,,character,盒小满,G11,G11,星球NPC,design_and_three_view_complete,PKG-CHARACTERS-V2.1,星骸拾荒者_人物形象设计全集_V2.1_补齐版/01_十二星球人物三视图/G11_立体工厂_人物三视图.png,ba8b0a8c45fb0476ef44c7377fec525dfd41c73df517ad4598f8ea046df2918c,design_board_entry,CHAR-060,星骸拾荒者_人物形象设计全集_V2.1_补齐版/02_清单与说明/星骸拾荒者_全项目美术资产主清单_V1.0.xlsx,ea329b30f458a567a92ef0f02b783eb58c4129596e4958e4cf739eb47329816e,71/71_design_identity_and_three_view_verified,True,True,False,False,CAT-CHAR-060,,,,,,,,,,,,,,
CAT-CHAR-061,,character,六面影,G11,G11,星球NPC,design_and_three_view_complete,PKG-CHARACTERS-V2.1,星骸拾荒者_人物形象设计全集_V2.1_补齐版/01_十二星球人物三视图/G11_立体工厂_人物三视图.png,ba8b0a8c45fb0476ef44c7377fec525dfd41c73df517ad4598f8ea046df2918c,design_board_entry,CHAR-061,星骸拾荒者_人物形象设计全集_V2.1_补齐版/02_清单与说明/星骸拾荒者_全项目美术资产主清单_V1.0.xlsx,ea329b30f458a567a92ef0f02b783eb58c4129596e4958e4cf739eb47329816e,71/71_design_identity_and_three_view_verified,True,True,False,False,CAT-CHAR-061,,,,,,,,,,,,,,
CAT-CHAR-062,,character,刑天,G11,G11,管理员,design_and_three_view_complete,PKG-CHARACTERS-V2.1,星骸拾荒者_人物形象设计全集_V2.1_补齐版/01_十二星球人物三视图/G11_立体工厂_人物三视图.png,ba8b0a8c45fb0476ef44c7377fec525dfd41c73df517ad4598f8ea046df2918c,design_board_entry,CHAR-062,星骸拾荒者_人物形象设计全集_V2.1_补齐版/02_清单与说明/星骸拾荒者_全项目美术资产主清单_V1.0.xlsx,ea329b30f458a567a92ef0f02b783eb58c4129596e4958e4cf739eb47329816e,71/71_design_identity_and_three_view_verified,True,True,False,False,CAT-CHAR-062,,,,,,,,,,,,,,
CAT-CHAR-063,,character,鲁班包包,G12,G12,星球NPC,design_and_three_view_complete,PKG-CHARACTERS-V2.1,星骸拾荒者_人物形象设计全集_V2.1_补齐版/01_十二星球人物三视图/G12_百工星环_人物三视图.png,556a9f488125fe1a9ba4767e9e2afac7525cbf67e703b9fc7ce3f1c72518a192,design_board_entry,CHAR-063,星骸拾荒者_人物形象设计全集_V2.1_补齐版/02_清单与说明/星骸拾荒者_全项目美术资产主清单_V1.0.xlsx,ea329b30f458a567a92ef0f02b783eb58c4129596e4958e4cf739eb47329816e,71/71_design_identity_and_three_view_verified,True,True,False,False,CAT-CHAR-063,,,,,,,,,,,,,,
CAT-CHAR-064,,character,焊花姐,G12,G12,星球NPC,design_and_three_view_complete,PKG-CHARACTERS-V2.1,星骸拾荒者_人物形象设计全集_V2.1_补齐版/01_十二星球人物三视图/G12_百工星环_人物三视图.png,556a9f488125fe1a9ba4767e9e2afac7525cbf67e703b9fc7ce3f1c72518a192,design_board_entry,CHAR-064,星骸拾荒者_人物形象设计全集_V2.1_补齐版/02_清单与说明/星骸拾荒者_全项目美术资产主清单_V1.0.xlsx,ea329b30f458a567a92ef0f02b783eb58c4129596e4958e4cf739eb47329816e,71/71_design_identity_and_three_view_verified,True,True,False,False,CAT-CHAR-064,,,,,,,,,,,,,,
CAT-CHAR-065,,character,榫榫爷爷,G12,G12,星球NPC,design_and_three_view_complete,PKG-CHARACTERS-V2.1,星骸拾荒者_人物形象设计全集_V2.1_补齐版/01_十二星球人物三视图/G12_百工星环_人物三视图.png,556a9f488125fe1a9ba4767e9e2afac7525cbf67e703b9fc7ce3f1c72518a192,design_board_entry,CHAR-065,星骸拾荒者_人物形象设计全集_V2.1_补齐版/02_清单与说明/星骸拾荒者_全项目美术资产主清单_V1.0.xlsx,ea329b30f458a567a92ef0f02b783eb58c4129596e4958e4cf739eb47329816e,71/71_design_identity_and_three_view_verified,True,True,False,False,CAT-CHAR-065,,,,,,,,,,,,,,
CAT-CHAR-066,,character,排排队长,G12,G12,星球NPC,design_and_three_view_complete,PKG-CHARACTERS-V2.1,星骸拾荒者_人物形象设计全集_V2.1_补齐版/01_十二星球人物三视图/G12_百工星环_人物三视图.png,556a9f488125fe1a9ba4767e9e2afac7525cbf67e703b9fc7ce3f1c72518a192,design_board_entry,CHAR-066,星骸拾荒者_人物形象设计全集_V2.1_补齐版/02_清单与说明/星骸拾荒者_全项目美术资产主清单_V1.0.xlsx,ea329b30f458a567a92ef0f02b783eb58c4129596e4958e4cf739eb47329816e,71/71_design_identity_and_three_view_verified,True,True,False,False,CAT-CHAR-066,,,,,,,,,,,,,,
CAT-CHAR-067,,character,试试飞,G12,G12,星球NPC,design_and_three_view_complete,PKG-CHARACTERS-V2.1,星骸拾荒者_人物形象设计全集_V2.1_补齐版/01_十二星球人物三视图/G12_百工星环_人物三视图.png,556a9f488125fe1a9ba4767e9e2afac7525cbf67e703b9fc7ce3f1c72518a192,design_board_entry,CHAR-067,星骸拾荒者_人物形象设计全集_V2.1_补齐版/02_清单与说明/星骸拾荒者_全项目美术资产主清单_V1.0.xlsx,ea329b30f458a567a92ef0f02b783eb58c4129596e4958e4cf739eb47329816e,71/71_design_identity_and_three_view_verified,True,True,False,False,CAT-CHAR-067,,,,,,,,,,,,,,
CAT-CHAR-068,,character,补丁博士,G12,G12,星球NPC,design_and_three_view_complete,PKG-CHARACTERS-V2.1,星骸拾荒者_人物形象设计全集_V2.1_补齐版/01_十二星球人物三视图/G12_百工星环_人物三视图.png,556a9f488125fe1a9ba4767e9e2afac7525cbf67e703b9fc7ce3f1c72518a192,design_board_entry,CHAR-068,星骸拾荒者_人物形象设计全集_V2.1_补齐版/02_清单与说明/星骸拾荒者_全项目美术资产主清单_V1.0.xlsx,ea329b30f458a567a92ef0f02b783eb58c4129596e4958e4cf739eb47329816e,71/71_design_identity_and_three_view_verified,True,True,False,False,CAT-CHAR-068,,,,,,,,,,,,,,
CAT-CHAR-069,,character,应龙,G12,G12,管理员,design_and_three_view_complete,PKG-CHARACTERS-V2.1,星骸拾荒者_人物形象设计全集_V2.1_补齐版/01_十二星球人物三视图/G12_百工星环_人物三视图.png,556a9f488125fe1a9ba4767e9e2afac7525cbf67e703b9fc7ce3f1c72518a192,design_board_entry,CHAR-069,星骸拾荒者_人物形象设计全集_V2.1_补齐版/02_清单与说明/星骸拾荒者_全项目美术资产主清单_V1.0.xlsx,ea329b30f458a567a92ef0f02b783eb58c4129596e4958e4cf739eb47329816e,71/71_design_identity_and_three_view_verified,True,True,False,False,CAT-CHAR-069,,,,,,,,,,,,,,
CAT-CHAR-070,,character,零零,G13,G13,星球NPC,design_and_three_view_complete,PKG-CHARACTERS-V2.1,星骸拾荒者_人物形象设计全集_V2.1_补齐版/01_十二星球人物三视图/G13_零号地球_人物三视图.png,926a3bc171d5c2573ddf8c5fe3514b416c05965376d8c31d96c303db49ee735e,design_board_entry,CHAR-070,星骸拾荒者_人物形象设计全集_V2.1_补齐版/02_清单与说明/星骸拾荒者_全项目美术资产主清单_V1.0.xlsx,ea329b30f458a567a92ef0f02b783eb58c4129596e4958e4cf739eb47329816e,71/71_design_identity_and_three_view_verified,True,True,False,False,CAT-CHAR-070,,,,,,,,,,,,,,
CAT-CHAR-071,,character,混沌／归零者,G13,G13,管理员,design_and_three_view_complete,PKG-CHARACTERS-V2.1,星骸拾荒者_人物形象设计全集_V2.1_补齐版/01_十二星球人物三视图/G13_零号地球_人物三视图.png,926a3bc171d5c2573ddf8c5fe3514b416c05965376d8c31d96c303db49ee735e,design_board_entry,CHAR-071,星骸拾荒者_人物形象设计全集_V2.1_补齐版/02_清单与说明/星骸拾荒者_全项目美术资产主清单_V1.0.xlsx,ea329b30f458a567a92ef0f02b783eb58c4129596e4958e4cf739eb47329816e,71/71_design_identity_and_three_view_verified,True,True,False,False,CAT-CHAR-071,,,,,,,,,,,,,,
SCN-001,SCN-001,scene,L00 拾光号坠落带,G02,锈环星,,已完成概念设计,PKG-SCENES-V1.0,星骸拾荒者_场景美术设计全集_V1.0/04_清单与说明/91场景完成清单.csv,bb97ca16ee759bea6fbf4b0761d3f73016ee20be077f53e3df4f672e8e96b80d,formal_catalog_entry,SCN-001,,,formal_row_authoritative,True,True,False,False,SCN-001,P0,基础状态/危险状态/解密中状态/修复后状态；含分层与交互物说明,,,,,,,,,,,,
SCN-002,SCN-002,scene,L01 旧屏幕谷,G02,锈环星,,已完成概念设计,PKG-SCENES-V1.0,星骸拾荒者_场景美术设计全集_V1.0/04_清单与说明/91场景完成清单.csv,bb97ca16ee759bea6fbf4b0761d3f73016ee20be077f53e3df4f672e8e96b80d,formal_catalog_entry,SCN-002,,,formal_row_authoritative,True,True,False,False,SCN-002,P0,基础状态/危险状态/解密中状态/修复后状态；含分层与交互物说明,,,,,,,,,,,,
SCN-003,SCN-003,scene,L02 阿铆工坊,G02,锈环星,,已完成概念设计,PKG-SCENES-V1.0,星骸拾荒者_场景美术设计全集_V1.0/04_清单与说明/91场景完成清单.csv,bb97ca16ee759bea6fbf4b0761d3f73016ee20be077f53e3df4f672e8e96b80d,formal_catalog_entry,SCN-003,,,formal_row_authoritative,True,True,False,False,SCN-003,P0,基础状态/危险状态/解密中状态/修复后状态；含分层与交互物说明,,,,,,,,,,,,
SCN-004,SCN-004,scene,L03 发动机坑/吊臂区,G02,锈环星,,已完成概念设计,PKG-SCENES-V1.0,星骸拾荒者_场景美术设计全集_V1.0/04_清单与说明/91场景完成清单.csv,bb97ca16ee759bea6fbf4b0761d3f73016ee20be077f53e3df4f672e8e96b80d,formal_catalog_entry,SCN-004,,,formal_row_authoritative,True,True,False,False,SCN-004,P0,基础状态/危险状态/解密中状态/修复后状态；含分层与交互物说明,,,,,,,,,,,,
SCN-005,SCN-005,scene,L04 电池洞穴,G02,锈环星,,已完成概念设计,PKG-SCENES-V1.0,星骸拾荒者_场景美术设计全集_V1.0/04_清单与说明/91场景完成清单.csv,bb97ca16ee759bea6fbf4b0761d3f73016ee20be077f53e3df4f672e8e96b80d,formal_catalog_entry,SCN-005,,,formal_row_authoritative,True,True,False,False,SCN-005,P0,基础状态/危险状态/解密中状态/修复后状态；含分层与交互物说明,,,,,,,,,,,,
SCN-006,SCN-006,scene,L05 供暖棚/旧键盘区,G02,锈环星,,已完成概念设计,PKG-SCENES-V1.0,星骸拾荒者_场景美术设计全集_V1.0/04_清单与说明/91场景完成清单.csv,bb97ca16ee759bea6fbf4b0761d3f73016ee20be077f53e3df4f672e8e96b80d,formal_catalog_entry,SCN-006,,,formal_row_authoritative,True,True,False,False,SCN-006,P0,基础状态/危险状态/解密中状态/修复后状态；含分层与交互物说明,,,,,,,,,,,,
SCN-007,SCN-007,scene,L06 电线森林,G02,锈环星,,已完成概念设计,PKG-SCENES-V1.0,星骸拾荒者_场景美术设计全集_V1.0/04_清单与说明/91场景完成清单.csv,bb97ca16ee759bea6fbf4b0761d3f73016ee20be077f53e3df4f672e8e96b80d,formal_catalog_entry,SCN-007,,,formal_row_authoritative,True,True,False,False,SCN-007,P0,基础状态/危险状态/解密中状态/修复后状态；含分层与交互物说明,,,,,,,,,,,,
SCN-008,SCN-008,scene,L07 手套校准区/废弃起重站,G02,锈环星,,已完成概念设计,PKG-SCENES-V1.0,星骸拾荒者_场景美术设计全集_V1.0/04_清单与说明/91场景完成清单.csv,bb97ca16ee759bea6fbf4b0761d3f73016ee20be077f53e3df4f672e8e96b80d,formal_catalog_entry,SCN-008,,,formal_row_authoritative,True,True,False,False,SCN-008,P0,基础状态/危险状态/解密中状态/修复后状态；含分层与交互物说明,,,,,,,,,,,,
SCN-009,SCN-009,scene,L08 豆包避难仓/借电事件,G02,锈环星,,已完成概念设计,PKG-SCENES-V1.0,星骸拾荒者_场景美术设计全集_V1.0/04_清单与说明/91场景完成清单.csv,bb97ca16ee759bea6fbf4b0761d3f73016ee20be077f53e3df4f672e8e96b80d,formal_catalog_entry,SCN-009,,,formal_row_authoritative,True,True,False,False,SCN-009,P0,基础状态/危险状态/解密中状态/修复后状态；含分层与交互物说明,,,,,,,,,,,,
SCN-010,SCN-010,scene,L09 五塔能源外环,G02,锈环星,,已完成概念设计,PKG-SCENES-V1.0,星骸拾荒者_场景美术设计全集_V1.0/04_清单与说明/91场景完成清单.csv,bb97ca16ee759bea6fbf4b0761d3f73016ee20be077f53e3df4f672e8e96b80d,formal_catalog_entry,SCN-010,,,formal_row_authoritative,True,True,False,False,SCN-010,P0,基础状态/危险状态/解密中状态/修复后状态；含分层与交互物说明,,,,,,,,,,,,
SCN-011,SCN-011,scene,L10 星门核心平台,G02,锈环星,,已完成概念设计,PKG-SCENES-V1.0,星骸拾荒者_场景美术设计全集_V1.0/04_清单与说明/91场景完成清单.csv,bb97ca16ee759bea6fbf4b0761d3f73016ee20be077f53e3df4f672e8e96b80d,formal_catalog_entry,SCN-011,,,formal_row_authoritative,True,True,False,False,SCN-011,P0,基础状态/危险状态/解密中状态/修复后状态；含分层与交互物说明,,,,,,,,,,,,
SCN-012,SCN-012,scene,落货码头,G03,齿轮荒原,,已完成概念设计,PKG-SCENES-V1.0,星骸拾荒者_场景美术设计全集_V1.0/04_清单与说明/91场景完成清单.csv,bb97ca16ee759bea6fbf4b0761d3f73016ee20be077f53e3df4f672e8e96b80d,formal_catalog_entry,SCN-012,,,formal_row_authoritative,True,True,False,False,SCN-012,P1,基础状态/危险状态/解密中状态/修复后状态；含分层与交互物说明,,,,,,,,,,,,
SCN-013,SCN-013,scene,四工坊环,G03,齿轮荒原,,已完成概念设计,PKG-SCENES-V1.0,星骸拾荒者_场景美术设计全集_V1.0/04_清单与说明/91场景完成清单.csv,bb97ca16ee759bea6fbf4b0761d3f73016ee20be077f53e3df4f672e8e96b80d,formal_catalog_entry,SCN-013,,,formal_row_authoritative,True,True,False,False,SCN-013,P1,基础状态/危险状态/解密中状态/修复后状态；含分层与交互物说明,,,,,,,,,,,,
SCN-014,SCN-014,scene,需求环街,G03,齿轮荒原,,已完成概念设计,PKG-SCENES-V1.0,星骸拾荒者_场景美术设计全集_V1.0/04_清单与说明/91场景完成清单.csv,bb97ca16ee759bea6fbf4b0761d3f73016ee20be077f53e3df4f672e8e96b80d,formal_catalog_entry,SCN-014,,,formal_row_authoritative,True,True,False,False,SCN-014,P1,基础状态/危险状态/解密中状态/修复后状态；含分层与交互物说明,,,,,,,,,,,,
SCN-015,SCN-015,scene,缺口宴席厅,G03,齿轮荒原,,已完成概念设计,PKG-SCENES-V1.0,星骸拾荒者_场景美术设计全集_V1.0/04_清单与说明/91场景完成清单.csv,bb97ca16ee759bea6fbf4b0761d3f73016ee20be077f53e3df4f672e8e96b80d,formal_catalog_entry,SCN-015,,,formal_row_authoritative,True,True,False,False,SCN-015,P1,基础状态/危险状态/解密中状态/修复后状态；含分层与交互物说明,,,,,,,,,,,,
SCN-016,SCN-016,scene,第一腹仓,G03,齿轮荒原,,已完成概念设计,PKG-SCENES-V1.0,星骸拾荒者_场景美术设计全集_V1.0/04_清单与说明/91场景完成清单.csv,bb97ca16ee759bea6fbf4b0761d3f73016ee20be077f53e3df4f672e8e96b80d,formal_catalog_entry,SCN-016,,,formal_row_authoritative,True,True,False,False,SCN-016,P1,基础状态/危险状态/解密中状态/修复后状态；含分层与交互物说明,,,,,,,,,,,,
SCN-017,SCN-017,scene,第二腹仓,G03,齿轮荒原,,已完成概念设计,PKG-SCENES-V1.0,星骸拾荒者_场景美术设计全集_V1.0/04_清单与说明/91场景完成清单.csv,bb97ca16ee759bea6fbf4b0761d3f73016ee20be077f53e3df4f672e8e96b80d,formal_catalog_entry,SCN-017,,,formal_row_authoritative,True,True,False,False,SCN-017,P1,基础状态/危险状态/解密中状态/修复后状态；含分层与交互物说明,,,,,,,,,,,,
SCN-018,SCN-018,scene,四向饥饿核心,G03,齿轮荒原,,已完成概念设计,PKG-SCENES-V1.0,星骸拾荒者_场景美术设计全集_V1.0/04_清单与说明/91场景完成清单.csv,bb97ca16ee759bea6fbf4b0761d3f73016ee20be077f53e3df4f672e8e96b80d,formal_catalog_entry,SCN-018,,,formal_row_authoritative,True,True,False,False,SCN-018,P1,基础状态/危险状态/解密中状态/修复后状态；含分层与交互物说明,,,,,,,,,,,,
SCN-019,SCN-019,scene,倒影坠落场,G04,镜面沙海,,已完成概念设计,PKG-SCENES-V1.0,星骸拾荒者_场景美术设计全集_V1.0/04_清单与说明/91场景完成清单.csv,bb97ca16ee759bea6fbf4b0761d3f73016ee20be077f53e3df4f672e8e96b80d,formal_catalog_entry,SCN-019,,,formal_row_authoritative,True,True,False,False,SCN-019,P1,基础状态/危险状态/解密中状态/修复后状态；含分层与交互物说明,,,,,,,,,,,,
SCN-020,SCN-020,scene,反向地图市集,G04,镜面沙海,,已完成概念设计,PKG-SCENES-V1.0,星骸拾荒者_场景美术设计全集_V1.0/04_清单与说明/91场景完成清单.csv,bb97ca16ee759bea6fbf4b0761d3f73016ee20be077f53e3df4f672e8e96b80d,formal_catalog_entry,SCN-020,,,formal_row_authoritative,True,True,False,False,SCN-020,P1,基础状态/危险状态/解密中状态/修复后状态；含分层与交互物说明,,,,,,,,,,,,
SCN-021,SCN-021,scene,双生镜坊,G04,镜面沙海,,已完成概念设计,PKG-SCENES-V1.0,星骸拾荒者_场景美术设计全集_V1.0/04_清单与说明/91场景完成清单.csv,bb97ca16ee759bea6fbf4b0761d3f73016ee20be077f53e3df4f672e8e96b80d,formal_catalog_entry,SCN-021,,,formal_row_authoritative,True,True,False,False,SCN-021,P1,基础状态/危险状态/解密中状态/修复后状态；含分层与交互物说明,,,,,,,,,,,,
SCN-022,SCN-022,scene,棱镜峡谷,G04,镜面沙海,,已完成概念设计,PKG-SCENES-V1.0,星骸拾荒者_场景美术设计全集_V1.0/04_清单与说明/91场景完成清单.csv,bb97ca16ee759bea6fbf4b0761d3f73016ee20be077f53e3df4f672e8e96b80d,formal_catalog_entry,SCN-022,,,formal_row_authoritative,True,True,False,False,SCN-022,P1,基础状态/危险状态/解密中状态/修复后状态；含分层与交互物说明,,,,,,,,,,,,
SCN-023,SCN-023,scene,失忆沙丘,G04,镜面沙海,,已完成概念设计,PKG-SCENES-V1.0,星骸拾荒者_场景美术设计全集_V1.0/04_清单与说明/91场景完成清单.csv,bb97ca16ee759bea6fbf4b0761d3f73016ee20be077f53e3df4f672e8e96b80d,formal_catalog_entry,SCN-023,,,formal_row_authoritative,True,True,False,False,SCN-023,P1,基础状态/危险状态/解密中状态/修复后状态；含分层与交互物说明,,,,,,,,,,,,
SCN-024,SCN-024,scene,九座倒影宫,G04,镜面沙海,,已完成概念设计,PKG-SCENES-V1.0,星骸拾荒者_场景美术设计全集_V1.0/04_清单与说明/91场景完成清单.csv,bb97ca16ee759bea6fbf4b0761d3f73016ee20be077f53e3df4f672e8e96b80d,formal_catalog_entry,SCN-024,,,formal_row_authoritative,True,True,False,False,SCN-024,P1,基础状态/危险状态/解密中状态/修复后状态；含分层与交互物说明,,,,,,,,,,,,
SCN-025,SCN-025,scene,镜背档案层,G04,镜面沙海,,已完成概念设计,PKG-SCENES-V1.0,星骸拾荒者_场景美术设计全集_V1.0/04_清单与说明/91场景完成清单.csv,bb97ca16ee759bea6fbf4b0761d3f73016ee20be077f53e3df4f672e8e96b80d,formal_catalog_entry,SCN-025,,,formal_row_authoritative,True,True,False,False,SCN-025,P1,基础状态/危险状态/解密中状态/修复后状态；含分层与交互物说明,,,,,,,,,,,,
SCN-026,SCN-026,scene,碎冰降落带,G05,刻度冰原,,已完成概念设计,PKG-SCENES-V1.0,星骸拾荒者_场景美术设计全集_V1.0/04_清单与说明/91场景完成清单.csv,bb97ca16ee759bea6fbf4b0761d3f73016ee20be077f53e3df4f672e8e96b80d,formal_catalog_entry,SCN-026,,,formal_row_authoritative,True,True,False,False,SCN-026,P1,基础状态/危险状态/解密中状态/修复后状态；含分层与交互物说明,,,,,,,,,,,,
SCN-027,SCN-027,scene,尺林,G05,刻度冰原,,已完成概念设计,PKG-SCENES-V1.0,星骸拾荒者_场景美术设计全集_V1.0/04_清单与说明/91场景完成清单.csv,bb97ca16ee759bea6fbf4b0761d3f73016ee20be077f53e3df4f672e8e96b80d,formal_catalog_entry,SCN-027,,,formal_row_authoritative,True,True,False,False,SCN-027,P1,基础状态/危险状态/解密中状态/修复后状态；含分层与交互物说明,,,,,,,,,,,,
SCN-028,SCN-028,scene,量杯站,G05,刻度冰原,,已完成概念设计,PKG-SCENES-V1.0,星骸拾荒者_场景美术设计全集_V1.0/04_清单与说明/91场景完成清单.csv,bb97ca16ee759bea6fbf4b0761d3f73016ee20be077f53e3df4f672e8e96b80d,formal_catalog_entry,SCN-028,,,formal_row_authoritative,True,True,False,False,SCN-028,P1,基础状态/危险状态/解密中状态/修复后状态；含分层与交互物说明,,,,,,,,,,,,
SCN-029,SCN-029,scene,天平裂谷,G05,刻度冰原,,已完成概念设计,PKG-SCENES-V1.0,星骸拾荒者_场景美术设计全集_V1.0/04_清单与说明/91场景完成清单.csv,bb97ca16ee759bea6fbf4b0761d3f73016ee20be077f53e3df4f672e8e96b80d,formal_catalog_entry,SCN-029,,,formal_row_authoritative,True,True,False,False,SCN-029,P1,基础状态/危险状态/解密中状态/修复后状态；含分层与交互物说明,,,,,,,,,,,,
SCN-030,SCN-030,scene,钟表屋,G05,刻度冰原,,已完成概念设计,PKG-SCENES-V1.0,星骸拾荒者_场景美术设计全集_V1.0/04_清单与说明/91场景完成清单.csv,bb97ca16ee759bea6fbf4b0761d3f73016ee20be077f53e3df4f672e8e96b80d,formal_catalog_entry,SCN-030,,,formal_row_authoritative,True,True,False,False,SCN-030,P1,基础状态/危险状态/解密中状态/修复后状态；含分层与交互物说明,,,,,,,,,,,,
SCN-031,SCN-031,scene,断裂冰桥,G05,刻度冰原,,已完成概念设计,PKG-SCENES-V1.0,星骸拾荒者_场景美术设计全集_V1.0/04_清单与说明/91场景完成清单.csv,bb97ca16ee759bea6fbf4b0761d3f73016ee20be077f53e3df4f672e8e96b80d,formal_catalog_entry,SCN-031,,,formal_row_authoritative,True,True,False,False,SCN-031,P1,基础状态/危险状态/解密中状态/修复后状态；含分层与交互物说明,,,,,,,,,,,,
SCN-032,SCN-032,scene,冰夷校准塔,G05,刻度冰原,,已完成概念设计,PKG-SCENES-V1.0,星骸拾荒者_场景美术设计全集_V1.0/04_清单与说明/91场景完成清单.csv,bb97ca16ee759bea6fbf4b0761d3f73016ee20be077f53e3df4f672e8e96b80d,formal_catalog_entry,SCN-032,,,formal_row_authoritative,True,True,False,False,SCN-032,P1,基础状态/危险状态/解密中状态/修复后状态；含分层与交互物说明,,,,,,,,,,,,
SCN-033,SCN-033,scene,碎航线空域,G06,分片群岛,,已完成概念设计,PKG-SCENES-V1.0,星骸拾荒者_场景美术设计全集_V1.0/04_清单与说明/91场景完成清单.csv,bb97ca16ee759bea6fbf4b0761d3f73016ee20be077f53e3df4f672e8e96b80d,formal_catalog_entry,SCN-033,,,formal_row_authoritative,True,True,False,False,SCN-033,P1,基础状态/危险状态/解密中状态/修复后状态；含分层与交互物说明,,,,,,,,,,,,
SCN-034,SCN-034,scene,半岛集市,G06,分片群岛,,已完成概念设计,PKG-SCENES-V1.0,星骸拾荒者_场景美术设计全集_V1.0/04_清单与说明/91场景完成清单.csv,bb97ca16ee759bea6fbf4b0761d3f73016ee20be077f53e3df4f672e8e96b80d,formal_catalog_entry,SCN-034,,,formal_row_authoritative,True,True,False,False,SCN-034,P1,基础状态/危险状态/解密中状态/修复后状态；含分层与交互物说明,,,,,,,,,,,,
SCN-035,SCN-035,scene,九格能源港,G06,分片群岛,,已完成概念设计,PKG-SCENES-V1.0,星骸拾荒者_场景美术设计全集_V1.0/04_清单与说明/91场景完成清单.csv,bb97ca16ee759bea6fbf4b0761d3f73016ee20be077f53e3df4f672e8e96b80d,formal_catalog_entry,SCN-035,,,formal_row_authoritative,True,True,False,False,SCN-035,P1,基础状态/危险状态/解密中状态/修复后状态；含分层与交互物说明,,,,,,,,,,,,
SCN-036,SCN-036,scene,中央假谈判厅,G06,分片群岛,,已完成概念设计,PKG-SCENES-V1.0,星骸拾荒者_场景美术设计全集_V1.0/04_清单与说明/91场景完成清单.csv,bb97ca16ee759bea6fbf4b0761d3f73016ee20be077f53e3df4f672e8e96b80d,formal_catalog_entry,SCN-036,,,formal_row_authoritative,True,True,False,False,SCN-036,P1,基础状态/危险状态/解密中状态/修复后状态；含分层与交互物说明,,,,,,,,,,,,
SCN-037,SCN-037,scene,能源海表层,G06,分片群岛,,已完成概念设计,PKG-SCENES-V1.0,星骸拾荒者_场景美术设计全集_V1.0/04_清单与说明/91场景完成清单.csv,bb97ca16ee759bea6fbf4b0761d3f73016ee20be077f53e3df4f672e8e96b80d,formal_catalog_entry,SCN-037,,,formal_row_authoritative,True,True,False,False,SCN-037,P1,基础状态/危险状态/解密中状态/修复后状态；含分层与交互物说明,,,,,,,,,,,,
SCN-038,SCN-038,scene,三座海底共鸣站,G06,分片群岛,,已完成概念设计,PKG-SCENES-V1.0,星骸拾荒者_场景美术设计全集_V1.0/04_清单与说明/91场景完成清单.csv,bb97ca16ee759bea6fbf4b0761d3f73016ee20be077f53e3df4f672e8e96b80d,formal_catalog_entry,SCN-038,,,formal_row_authoritative,True,True,False,False,SCN-038,P1,基础状态/危险状态/解密中状态/修复后状态；含分层与交互物说明,,,,,,,,,,,,
SCN-039,SCN-039,scene,九首能源塔,G06,分片群岛,,已完成概念设计,PKG-SCENES-V1.0,星骸拾荒者_场景美术设计全集_V1.0/04_清单与说明/91场景完成清单.csv,bb97ca16ee759bea6fbf4b0761d3f73016ee20be077f53e3df4f672e8e96b80d,formal_catalog_entry,SCN-039,,,formal_row_authoritative,True,True,False,False,SCN-039,P1,基础状态/危险状态/解密中状态/修复后状态；含分层与交互物说明,,,,,,,,,,,,
SCN-040,SCN-040,scene,移格城门,G07,方格城,,已完成概念设计,PKG-SCENES-V1.0,星骸拾荒者_场景美术设计全集_V1.0/04_清单与说明/91场景完成清单.csv,bb97ca16ee759bea6fbf4b0761d3f73016ee20be077f53e3df4f672e8e96b80d,formal_catalog_entry,SCN-040,,,formal_row_authoritative,True,True,False,False,SCN-040,P1,基础状态/危险状态/解密中状态/修复后状态；含分层与交互物说明,,,,,,,,,,,,
SCN-041,SCN-041,scene,拥挤住宅区,G07,方格城,,已完成概念设计,PKG-SCENES-V1.0,星骸拾荒者_场景美术设计全集_V1.0/04_清单与说明/91场景完成清单.csv,bb97ca16ee759bea6fbf4b0761d3f73016ee20be077f53e3df4f672e8e96b80d,formal_catalog_entry,SCN-041,,,formal_row_authoritative,True,True,False,False,SCN-041,P1,基础状态/危险状态/解密中状态/修复后状态；含分层与交互物说明,,,,,,,,,,,,
SCN-042,SCN-042,scene,公共空地争议区,G07,方格城,,已完成概念设计,PKG-SCENES-V1.0,星骸拾荒者_场景美术设计全集_V1.0/04_清单与说明/91场景完成清单.csv,bb97ca16ee759bea6fbf4b0761d3f73016ee20be077f53e3df4f672e8e96b80d,formal_catalog_entry,SCN-042,,,formal_row_authoritative,True,True,False,False,SCN-042,P1,基础状态/危险状态/解密中状态/修复后状态；含分层与交互物说明,,,,,,,,,,,,
SCN-043,SCN-043,scene,地下震动井,G07,方格城,,已完成概念设计,PKG-SCENES-V1.0,星骸拾荒者_场景美术设计全集_V1.0/04_清单与说明/91场景完成清单.csv,bb97ca16ee759bea6fbf4b0761d3f73016ee20be077f53e3df4f672e8e96b80d,formal_catalog_entry,SCN-043,,,formal_row_authoritative,True,True,False,False,SCN-043,P1,基础状态/危险状态/解密中状态/修复后状态；含分层与交互物说明,,,,,,,,,,,,
SCN-044,SCN-044,scene,折叠走廊工地,G07,方格城,,已完成概念设计,PKG-SCENES-V1.0,星骸拾荒者_场景美术设计全集_V1.0/04_清单与说明/91场景完成清单.csv,bb97ca16ee759bea6fbf4b0761d3f73016ee20be077f53e3df4f672e8e96b80d,formal_catalog_entry,SCN-044,,,formal_row_authoritative,True,True,False,False,SCN-044,P1,基础状态/危险状态/解密中状态/修复后状态；含分层与交互物说明,,,,,,,,,,,,
SCN-045,SCN-045,scene,七震测试场,G07,方格城,,已完成概念设计,PKG-SCENES-V1.0,星骸拾荒者_场景美术设计全集_V1.0/04_清单与说明/91场景完成清单.csv,bb97ca16ee759bea6fbf4b0761d3f73016ee20be077f53e3df4f672e8e96b80d,formal_catalog_entry,SCN-045,,,formal_row_authoritative,True,True,False,False,SCN-045,P1,基础状态/危险状态/解密中状态/修复后状态；含分层与交互物说明,,,,,,,,,,,,
SCN-046,SCN-046,scene,夔鼓核心,G07,方格城,,已完成概念设计,PKG-SCENES-V1.0,星骸拾荒者_场景美术设计全集_V1.0/04_清单与说明/91场景完成清单.csv,bb97ca16ee759bea6fbf4b0761d3f73016ee20be077f53e3df4f672e8e96b80d,formal_catalog_entry,SCN-046,,,formal_row_authoritative,True,True,False,False,SCN-046,P1,基础状态/危险状态/解密中状态/修复后状态；含分层与交互物说明,,,,,,,,,,,,
SCN-047,SCN-047,scene,落日钟港,G08,钟摆之城,,已完成概念设计,PKG-SCENES-V1.0,星骸拾荒者_场景美术设计全集_V1.0/04_清单与说明/91场景完成清单.csv,bb97ca16ee759bea6fbf4b0761d3f73016ee20be077f53e3df4f672e8e96b80d,formal_catalog_entry,SCN-047,,,formal_row_authoritative,True,True,False,False,SCN-047,P1,基础状态/危险状态/解密中状态/修复后状态；含分层与交互物说明,,,,,,,,,,,,
SCN-048,SCN-048,scene,分钟街,G08,钟摆之城,,已完成概念设计,PKG-SCENES-V1.0,星骸拾荒者_场景美术设计全集_V1.0/04_清单与说明/91场景完成清单.csv,bb97ca16ee759bea6fbf4b0761d3f73016ee20be077f53e3df4f672e8e96b80d,formal_catalog_entry,SCN-048,,,formal_row_authoritative,True,True,False,False,SCN-048,P1,基础状态/危险状态/解密中状态/修复后状态；含分层与交互物说明,,,,,,,,,,,,
SCN-049,SCN-049,scene,秒针轨道,G08,钟摆之城,,已完成概念设计,PKG-SCENES-V1.0,星骸拾荒者_场景美术设计全集_V1.0/04_清单与说明/91场景完成清单.csv,bb97ca16ee759bea6fbf4b0761d3f73016ee20be077f53e3df4f672e8e96b80d,formal_catalog_entry,SCN-049,,,formal_row_authoritative,True,True,False,False,SCN-049,P1,基础状态/危险状态/解密中状态/修复后状态；含分层与交互物说明,,,,,,,,,,,,
SCN-050,SCN-050,scene,周期花园,G08,钟摆之城,,已完成概念设计,PKG-SCENES-V1.0,星骸拾荒者_场景美术设计全集_V1.0/04_清单与说明/91场景完成清单.csv,bb97ca16ee759bea6fbf4b0761d3f73016ee20be077f53e3df4f672e8e96b80d,formal_catalog_entry,SCN-050,,,formal_row_authoritative,True,True,False,False,SCN-050,P1,基础状态/危险状态/解密中状态/修复后状态；含分层与交互物说明,,,,,,,,,,,,
SCN-051,SCN-051,scene,昼夜剧场,G08,钟摆之城,,已完成概念设计,PKG-SCENES-V1.0,星骸拾荒者_场景美术设计全集_V1.0/04_清单与说明/91场景完成清单.csv,bb97ca16ee759bea6fbf4b0761d3f73016ee20be077f53e3df4f672e8e96b80d,formal_catalog_entry,SCN-051,,,formal_row_authoritative,True,True,False,False,SCN-051,P1,基础状态/危险状态/解密中状态/修复后状态；含分层与交互物说明,,,,,,,,,,,,
SCN-052,SCN-052,scene,错时钟塔,G08,钟摆之城,,已完成概念设计,PKG-SCENES-V1.0,星骸拾荒者_场景美术设计全集_V1.0/04_清单与说明/91场景完成清单.csv,bb97ca16ee759bea6fbf4b0761d3f73016ee20be077f53e3df4f672e8e96b80d,formal_catalog_entry,SCN-052,,,formal_row_authoritative,True,True,False,False,SCN-052,P1,基础状态/危险状态/解密中状态/修复后状态；含分层与交互物说明,,,,,,,,,,,,
SCN-053,SCN-053,scene,地核大摆厅,G08,钟摆之城,,已完成概念设计,PKG-SCENES-V1.0,星骸拾荒者_场景美术设计全集_V1.0/04_清单与说明/91场景完成清单.csv,bb97ca16ee759bea6fbf4b0761d3f73016ee20be077f53e3df4f672e8e96b80d,formal_catalog_entry,SCN-053,,,formal_row_authoritative,True,True,False,False,SCN-053,P1,基础状态/危险状态/解密中状态/修复后状态；含分层与交互物说明,,,,,,,,,,,,
SCN-054,SCN-054,scene,翻面登陆盘,G09,棋阵卫星,,已完成概念设计,PKG-SCENES-V1.0,星骸拾荒者_场景美术设计全集_V1.0/04_清单与说明/91场景完成清单.csv,bb97ca16ee759bea6fbf4b0761d3f73016ee20be077f53e3df4f672e8e96b80d,formal_catalog_entry,SCN-054,,,formal_row_authoritative,True,True,False,False,SCN-054,P1,基础状态/危险状态/解密中状态/修复后状态；含分层与交互物说明,,,,,,,,,,,,
SCN-055,SCN-055,scene,坐标街,G09,棋阵卫星,,已完成概念设计,PKG-SCENES-V1.0,星骸拾荒者_场景美术设计全集_V1.0/04_清单与说明/91场景完成清单.csv,bb97ca16ee759bea6fbf4b0761d3f73016ee20be077f53e3df4f672e8e96b80d,formal_catalog_entry,SCN-055,,,formal_row_authoritative,True,True,False,False,SCN-055,P1,基础状态/危险状态/解密中状态/修复后状态；含分层与交互物说明,,,,,,,,,,,,
SCN-056,SCN-056,scene,孔明棋维修区,G09,棋阵卫星,,已完成概念设计,PKG-SCENES-V1.0,星骸拾荒者_场景美术设计全集_V1.0/04_清单与说明/91场景完成清单.csv,bb97ca16ee759bea6fbf4b0761d3f73016ee20be077f53e3df4f672e8e96b80d,formal_catalog_entry,SCN-056,,,formal_row_authoritative,True,True,False,False,SCN-056,P1,基础状态/危险状态/解密中状态/修复后状态；含分层与交互物说明,,,,,,,,,,,,
SCN-057,SCN-057,scene,五连封锁带,G09,棋阵卫星,,已完成概念设计,PKG-SCENES-V1.0,星骸拾荒者_场景美术设计全集_V1.0/04_清单与说明/91场景完成清单.csv,bb97ca16ee759bea6fbf4b0761d3f73016ee20be077f53e3df4f672e8e96b80d,formal_catalog_entry,SCN-057,,,formal_row_authoritative,True,True,False,False,SCN-057,P1,基础状态/危险状态/解密中状态/修复后状态；含分层与交互物说明,,,,,,,,,,,,
SCN-058,SCN-058,scene,弃子深井,G09,棋阵卫星,,已完成概念设计,PKG-SCENES-V1.0,星骸拾荒者_场景美术设计全集_V1.0/04_清单与说明/91场景完成清单.csv,bb97ca16ee759bea6fbf4b0761d3f73016ee20be077f53e3df4f672e8e96b80d,formal_catalog_entry,SCN-058,,,formal_row_authoritative,True,True,False,False,SCN-058,P1,基础状态/危险状态/解密中状态/修复后状态；含分层与交互物说明,,,,,,,,,,,,
SCN-059,SCN-059,scene,中央十二席棋盘,G09,棋阵卫星,,已完成概念设计,PKG-SCENES-V1.0,星骸拾荒者_场景美术设计全集_V1.0/04_清单与说明/91场景完成清单.csv,bb97ca16ee759bea6fbf4b0761d3f73016ee20be077f53e3df4f672e8e96b80d,formal_catalog_entry,SCN-059,,,formal_row_authoritative,True,True,False,False,SCN-059,P1,基础状态/危险状态/解密中状态/修复后状态；含分层与交互物说明,,,,,,,,,,,,
SCN-060,SCN-060,scene,第零格核心,G09,棋阵卫星,,已完成概念设计,PKG-SCENES-V1.0,星骸拾荒者_场景美术设计全集_V1.0/04_清单与说明/91场景完成清单.csv,bb97ca16ee759bea6fbf4b0761d3f73016ee20be077f53e3df4f672e8e96b80d,formal_catalog_entry,SCN-060,,,formal_row_authoritative,True,True,False,False,SCN-060,P1,基础状态/危险状态/解密中状态/修复后状态；含分层与交互物说明,,,,,,,,,,,,
SCN-061,SCN-061,scene,漂流码头,G10,概率云港,,已完成概念设计,PKG-SCENES-V1.0,星骸拾荒者_场景美术设计全集_V1.0/04_清单与说明/91场景完成清单.csv,bb97ca16ee759bea6fbf4b0761d3f73016ee20be077f53e3df4f672e8e96b80d,formal_catalog_entry,SCN-061,,,formal_row_authoritative,True,True,False,False,SCN-061,P1,基础状态/危险状态/解密中状态/修复后状态；含分层与交互物说明,,,,,,,,,,,,
SCN-062,SCN-062,scene,四风广场,G10,概率云港,,已完成概念设计,PKG-SCENES-V1.0,星骸拾荒者_场景美术设计全集_V1.0/04_清单与说明/91场景完成清单.csv,bb97ca16ee759bea6fbf4b0761d3f73016ee20be077f53e3df4f672e8e96b80d,formal_catalog_entry,SCN-062,,,formal_row_authoritative,True,True,False,False,SCN-062,P1,基础状态/危险状态/解密中状态/修复后状态；含分层与交互物说明,,,,,,,,,,,,
SCN-063,SCN-063,scene,货运云仓,G10,概率云港,,已完成概念设计,PKG-SCENES-V1.0,星骸拾荒者_场景美术设计全集_V1.0/04_清单与说明/91场景完成清单.csv,bb97ca16ee759bea6fbf4b0761d3f73016ee20be077f53e3df4f672e8e96b80d,formal_catalog_entry,SCN-063,,,formal_row_authoritative,True,True,False,False,SCN-063,P1,基础状态/危险状态/解密中状态/修复后状态；含分层与交互物说明,,,,,,,,,,,,
SCN-064,SCN-064,scene,气象观测园,G10,概率云港,,已完成概念设计,PKG-SCENES-V1.0,星骸拾荒者_场景美术设计全集_V1.0/04_清单与说明/91场景完成清单.csv,bb97ca16ee759bea6fbf4b0761d3f73016ee20be077f53e3df4f672e8e96b80d,formal_catalog_entry,SCN-064,,,formal_row_authoritative,True,True,False,False,SCN-064,P1,基础状态/危险状态/解密中状态/修复后状态；含分层与交互物说明,,,,,,,,,,,,
SCN-065,SCN-065,scene,概率航路,G10,概率云港,,已完成概念设计,PKG-SCENES-V1.0,星骸拾荒者_场景美术设计全集_V1.0/04_清单与说明/91场景完成清单.csv,bb97ca16ee759bea6fbf4b0761d3f73016ee20be077f53e3df4f672e8e96b80d,formal_catalog_entry,SCN-065,,,formal_row_authoritative,True,True,False,False,SCN-065,P1,基础状态/危险状态/解密中状态/修复后状态；含分层与交互物说明,,,,,,,,,,,,
SCN-066,SCN-066,scene,数据灯塔,G10,概率云港,,已完成概念设计,PKG-SCENES-V1.0,星骸拾荒者_场景美术设计全集_V1.0/04_清单与说明/91场景完成清单.csv,bb97ca16ee759bea6fbf4b0761d3f73016ee20be077f53e3df4f672e8e96b80d,formal_catalog_entry,SCN-066,,,formal_row_authoritative,True,True,False,False,SCN-066,P1,基础状态/危险状态/解密中状态/修复后状态；含分层与交互物说明,,,,,,,,,,,,
SCN-067,SCN-067,scene,毕方风暴巢,G10,概率云港,,已完成概念设计,PKG-SCENES-V1.0,星骸拾荒者_场景美术设计全集_V1.0/04_清单与说明/91场景完成清单.csv,bb97ca16ee759bea6fbf4b0761d3f73016ee20be077f53e3df4f672e8e96b80d,formal_catalog_entry,SCN-067,,,formal_row_authoritative,True,True,False,False,SCN-067,P1,基础状态/危险状态/解密中状态/修复后状态；含分层与交互物说明,,,,,,,,,,,,
SCN-068,SCN-068,scene,折叠登陆台,G11,立体工厂,,已完成概念设计,PKG-SCENES-V1.0,星骸拾荒者_场景美术设计全集_V1.0/04_清单与说明/91场景完成清单.csv,bb97ca16ee759bea6fbf4b0761d3f73016ee20be077f53e3df4f672e8e96b80d,formal_catalog_entry,SCN-068,,,formal_row_authoritative,True,True,False,False,SCN-068,P1,基础状态/危险状态/解密中状态/修复后状态；含分层与交互物说明,,,,,,,,,,,,
SCN-069,SCN-069,scene,六面检测廊,G11,立体工厂,,已完成概念设计,PKG-SCENES-V1.0,星骸拾荒者_场景美术设计全集_V1.0/04_清单与说明/91场景完成清单.csv,bb97ca16ee759bea6fbf4b0761d3f73016ee20be077f53e3df4f672e8e96b80d,formal_catalog_entry,SCN-069,,,formal_row_authoritative,True,True,False,False,SCN-069,P1,基础状态/危险状态/解密中状态/修复后状态；含分层与交互物说明,,,,,,,,,,,,
SCN-070,SCN-070,scene,展开图车间,G11,立体工厂,,已完成概念设计,PKG-SCENES-V1.0,星骸拾荒者_场景美术设计全集_V1.0/04_清单与说明/91场景完成清单.csv,bb97ca16ee759bea6fbf4b0761d3f73016ee20be077f53e3df4f672e8e96b80d,formal_catalog_entry,SCN-070,,,formal_row_authoritative,True,True,False,False,SCN-070,P1,基础状态/危险状态/解密中状态/修复后状态；含分层与交互物说明,,,,,,,,,,,,
SCN-071,SCN-071,scene,单位方块仓,G11,立体工厂,,已完成概念设计,PKG-SCENES-V1.0,星骸拾荒者_场景美术设计全集_V1.0/04_清单与说明/91场景完成清单.csv,bb97ca16ee759bea6fbf4b0761d3f73016ee20be077f53e3df4f672e8e96b80d,formal_catalog_entry,SCN-071,,,formal_row_authoritative,True,True,False,False,SCN-071,P1,基础状态/危险状态/解密中状态/修复后状态；含分层与交互物说明,,,,,,,,,,,,
SCN-072,SCN-072,scene,透明装配牢,G11,立体工厂,,已完成概念设计,PKG-SCENES-V1.0,星骸拾荒者_场景美术设计全集_V1.0/04_清单与说明/91场景完成清单.csv,bb97ca16ee759bea6fbf4b0761d3f73016ee20be077f53e3df4f672e8e96b80d,formal_catalog_entry,SCN-072,,,formal_row_authoritative,True,True,False,False,SCN-072,P1,基础状态/危险状态/解密中状态/修复后状态；含分层与交互物说明,,,,,,,,,,,,
SCN-073,SCN-073,scene,零缝压缩区,G11,立体工厂,,已完成概念设计,PKG-SCENES-V1.0,星骸拾荒者_场景美术设计全集_V1.0/04_清单与说明/91场景完成清单.csv,bb97ca16ee759bea6fbf4b0761d3f73016ee20be077f53e3df4f672e8e96b80d,formal_catalog_entry,SCN-073,,,formal_row_authoritative,True,True,False,False,SCN-073,P1,基础状态/危险状态/解密中状态/修复后状态；含分层与交互物说明,,,,,,,,,,,,
SCN-074,SCN-074,scene,刑天总装塔,G11,立体工厂,,已完成概念设计,PKG-SCENES-V1.0,星骸拾荒者_场景美术设计全集_V1.0/04_清单与说明/91场景完成清单.csv,bb97ca16ee759bea6fbf4b0761d3f73016ee20be077f53e3df4f672e8e96b80d,formal_catalog_entry,SCN-074,,,formal_row_authoritative,True,True,False,False,SCN-074,P1,基础状态/危险状态/解密中状态/修复后状态；含分层与交互物说明,,,,,,,,,,,,
SCN-075,SCN-075,scene,万用码头,G12,百工星环,,已完成概念设计,PKG-SCENES-V1.0,星骸拾荒者_场景美术设计全集_V1.0/04_清单与说明/91场景完成清单.csv,bb97ca16ee759bea6fbf4b0761d3f73016ee20be077f53e3df4f672e8e96b80d,formal_catalog_entry,SCN-075,,,formal_row_authoritative,True,True,False,False,SCN-075,P1,基础状态/危险状态/解密中状态/修复后状态；含分层与交互物说明,,,,,,,,,,,,
SCN-076,SCN-076,scene,百料仓库,G12,百工星环,,已完成概念设计,PKG-SCENES-V1.0,星骸拾荒者_场景美术设计全集_V1.0/04_清单与说明/91场景完成清单.csv,bb97ca16ee759bea6fbf4b0761d3f73016ee20be077f53e3df4f672e8e96b80d,formal_catalog_entry,SCN-076,,,formal_row_authoritative,True,True,False,False,SCN-076,P1,基础状态/危险状态/解密中状态/修复后状态；含分层与交互物说明,,,,,,,,,,,,
SCN-077,SCN-077,scene,模块工坊群,G12,百工星环,,已完成概念设计,PKG-SCENES-V1.0,星骸拾荒者_场景美术设计全集_V1.0/04_清单与说明/91场景完成清单.csv,bb97ca16ee759bea6fbf4b0761d3f73016ee20be077f53e3df4f672e8e96b80d,formal_catalog_entry,SCN-077,,,formal_row_authoritative,True,True,False,False,SCN-077,P1,基础状态/危险状态/解密中状态/修复后状态；含分层与交互物说明,,,,,,,,,,,,
SCN-078,SCN-078,scene,方舟总装坞,G12,百工星环,,已完成概念设计,PKG-SCENES-V1.0,星骸拾荒者_场景美术设计全集_V1.0/04_清单与说明/91场景完成清单.csv,bb97ca16ee759bea6fbf4b0761d3f73016ee20be077f53e3df4f672e8e96b80d,formal_catalog_entry,SCN-078,,,formal_row_authoritative,True,True,False,False,SCN-078,P1,基础状态/危险状态/解密中状态/修复后状态；含分层与交互物说明,,,,,,,,,,,,
SCN-079,SCN-079,scene,风暴试验场,G12,百工星环,,已完成概念设计,PKG-SCENES-V1.0,星骸拾荒者_场景美术设计全集_V1.0/04_清单与说明/91场景完成清单.csv,bb97ca16ee759bea6fbf4b0761d3f73016ee20be077f53e3df4f672e8e96b80d,formal_catalog_entry,SCN-079,,,formal_row_authoritative,True,True,False,False,SCN-079,P1,基础状态/危险状态/解密中状态/修复后状态；含分层与交互物说明,,,,,,,,,,,,
SCN-080,SCN-080,scene,应龙天衡台,G12,百工星环,,已完成概念设计,PKG-SCENES-V1.0,星骸拾荒者_场景美术设计全集_V1.0/04_清单与说明/91场景完成清单.csv,bb97ca16ee759bea6fbf4b0761d3f73016ee20be077f53e3df4f672e8e96b80d,formal_catalog_entry,SCN-080,,,formal_row_authoritative,True,True,False,False,SCN-080,P1,基础状态/危险状态/解密中状态/修复后状态；含分层与交互物说明,,,,,,,,,,,,
SCN-081,SCN-081,scene,第零船坞,G12,百工星环,,已完成概念设计,PKG-SCENES-V1.0,星骸拾荒者_场景美术设计全集_V1.0/04_清单与说明/91场景完成清单.csv,bb97ca16ee759bea6fbf4b0761d3f73016ee20be077f53e3df4f672e8e96b80d,formal_catalog_entry,SCN-081,,,formal_row_authoritative,True,True,False,False,SCN-081,P1,基础状态/危险状态/解密中状态/修复后状态；含分层与交互物说明,,,,,,,,,,,,
SCN-082,SCN-082,scene,方舟坠落带,G13,零号地球,,已完成概念设计,PKG-SCENES-V1.0,星骸拾荒者_场景美术设计全集_V1.0/04_清单与说明/91场景完成清单.csv,bb97ca16ee759bea6fbf4b0761d3f73016ee20be077f53e3df4f672e8e96b80d,formal_catalog_entry,SCN-082,,,formal_row_authoritative,True,True,False,False,SCN-082,P1,基础状态/危险状态/解密中状态/修复后状态；含分层与交互物说明,,,,,,,,,,,,
SCN-083,SCN-083,scene,最后一天街区,G13,零号地球,,已完成概念设计,PKG-SCENES-V1.0,星骸拾荒者_场景美术设计全集_V1.0/04_清单与说明/91场景完成清单.csv,bb97ca16ee759bea6fbf4b0761d3f73016ee20be077f53e3df4f672e8e96b80d,formal_catalog_entry,SCN-083,,,formal_row_authoritative,True,True,False,False,SCN-083,P1,基础状态/危险状态/解密中状态/修复后状态；含分层与交互物说明,,,,,,,,,,,,
SCN-084,SCN-084,scene,十二档案环,G13,零号地球,,已完成概念设计,PKG-SCENES-V1.0,星骸拾荒者_场景美术设计全集_V1.0/04_清单与说明/91场景完成清单.csv,bb97ca16ee759bea6fbf4b0761d3f73016ee20be077f53e3df4f672e8e96b80d,formal_catalog_entry,SCN-084,,,formal_row_authoritative,True,True,False,False,SCN-084,P1,基础状态/危险状态/解密中状态/修复后状态；含分层与交互物说明,,,,,,,,,,,,
SCN-085,SCN-085,scene,记忆海,G13,零号地球,,已完成概念设计,PKG-SCENES-V1.0,星骸拾荒者_场景美术设计全集_V1.0/04_清单与说明/91场景完成清单.csv,bb97ca16ee759bea6fbf4b0761d3f73016ee20be077f53e3df4f672e8e96b80d,formal_catalog_entry,SCN-085,,,formal_row_authoritative,True,True,False,False,SCN-085,P1,基础状态/危险状态/解密中状态/修复后状态；含分层与交互物说明,,,,,,,,,,,,
SCN-086,SCN-086,scene,白布森林,G13,零号地球,,已完成概念设计,PKG-SCENES-V1.0,星骸拾荒者_场景美术设计全集_V1.0/04_清单与说明/91场景完成清单.csv,bb97ca16ee759bea6fbf4b0761d3f73016ee20be077f53e3df4f672e8e96b80d,formal_catalog_entry,SCN-086,,,formal_row_authoritative,True,True,False,False,SCN-086,P1,基础状态/危险状态/解密中状态/修复后状态；含分层与交互物说明,,,,,,,,,,,,
SCN-087,SCN-087,scene,方舟演算核心,G13,零号地球,,已完成概念设计,PKG-SCENES-V1.0,星骸拾荒者_场景美术设计全集_V1.0/04_清单与说明/91场景完成清单.csv,bb97ca16ee759bea6fbf4b0761d3f73016ee20be077f53e3df4f672e8e96b80d,formal_catalog_entry,SCN-087,,,formal_row_authoritative,True,True,False,False,SCN-087,P1,基础状态/危险状态/解密中状态/修复后状态；含分层与交互物说明,,,,,,,,,,,,
SCN-088,SCN-088,scene,新生家园台,G13,零号地球,,已完成概念设计,PKG-SCENES-V1.0,星骸拾荒者_场景美术设计全集_V1.0/04_清单与说明/91场景完成清单.csv,bb97ca16ee759bea6fbf4b0761d3f73016ee20be077f53e3df4f672e8e96b80d,formal_catalog_entry,SCN-088,,,formal_row_authoritative,True,True,False,False,SCN-088,P1,基础状态/危险状态/解密中状态/修复后状态；含分层与交互物说明,,,,,,,,,,,,
SCN-089,SCN-089,scene,织星天文台,GLOBAL,全局,,已完成概念设计,PKG-SCENES-V1.0,星骸拾荒者_场景美术设计全集_V1.0/04_清单与说明/91场景完成清单.csv,bb97ca16ee759bea6fbf4b0761d3f73016ee20be077f53e3df4f672e8e96b80d,formal_catalog_entry,SCN-089,,,formal_row_authoritative,True,True,False,False,SCN-089,P0,基础状态/危险状态/解密中状态/修复后状态；含分层与交互物说明,,,,,,,,,,,,
SCN-090,SCN-090,scene,拾光号驾驶舱/生活舱,GLOBAL,全局,,已完成概念设计,PKG-SCENES-V1.0,星骸拾荒者_场景美术设计全集_V1.0/04_清单与说明/91场景完成清单.csv,bb97ca16ee759bea6fbf4b0761d3f73016ee20be077f53e3df4f672e8e96b80d,formal_catalog_entry,SCN-090,,,formal_row_authoritative,True,True,False,False,SCN-090,P0,基础状态/危险状态/解密中状态/修复后状态；含分层与交互物说明,,,,,,,,,,,,
SCN-091,SCN-091,scene,十二星门航行与星图空间,GLOBAL,全局,,已完成概念设计,PKG-SCENES-V1.0,星骸拾荒者_场景美术设计全集_V1.0/04_清单与说明/91场景完成清单.csv,bb97ca16ee759bea6fbf4b0761d3f73016ee20be077f53e3df4f672e8e96b80d,formal_catalog_entry,SCN-091,,,formal_row_authoritative,True,True,False,False,SCN-091,P0,基础状态/危险状态/解密中状态/修复后状态；含分层与交互物说明,,,,,,,,,,,,
PROP-001,PROP-001,prop,磁力手套,G02,锈环星,,已确认基准,PKG-PROPS-V3.0,星骸拾荒者_道具美术正式包_V3.0/02_核查清单与说明/46件道具正式清单.csv,78abadd186c22a4852591ebeff9fb0f370e6fa0fcc92d722da9b0304678dee21,formal_catalog_entry,PROP-001,,,formal_row_authoritative,True,True,False,False,PROP-001,,,G02_锈环星_PROP-001-012_已确认基准.png,通过,,,,,,,,,,
PROP-002,PROP-002,prop,短距瞬移装置,G02,锈环星,,已确认基准,PKG-PROPS-V3.0,星骸拾荒者_道具美术正式包_V3.0/02_核查清单与说明/46件道具正式清单.csv,78abadd186c22a4852591ebeff9fb0f370e6fa0fcc92d722da9b0304678dee21,formal_catalog_entry,PROP-002,,,formal_row_authoritative,True,True,False,False,PROP-002,,,G02_锈环星_PROP-001-012_已确认基准.png,通过,,,,,,,,,,
PROP-003,PROP-003,prop,资源登记牌,G02,锈环星,,已确认基准,PKG-PROPS-V3.0,星骸拾荒者_道具美术正式包_V3.0/02_核查清单与说明/46件道具正式清单.csv,78abadd186c22a4852591ebeff9fb0f370e6fa0fcc92d722da9b0304678dee21,formal_catalog_entry,PROP-003,,,formal_row_authoritative,True,True,False,False,PROP-003,,,G02_锈环星_PROP-001-012_已确认基准.png,通过,,,,,,,,,,
PROP-004,PROP-004,prop,七码扫描模块,G02,锈环星,,已确认基准,PKG-PROPS-V3.0,星骸拾荒者_道具美术正式包_V3.0/02_核查清单与说明/46件道具正式清单.csv,78abadd186c22a4852591ebeff9fb0f370e6fa0fcc92d722da9b0304678dee21,formal_catalog_entry,PROP-004,,,formal_row_authoritative,True,True,False,False,PROP-004,,,G02_锈环星_PROP-001-012_已确认基准.png,通过,,,,,,,,,,
PROP-005,PROP-005,prop,星宇工具腰带,G02,锈环星,,已确认基准,PKG-PROPS-V3.0,星骸拾荒者_道具美术正式包_V3.0/02_核查清单与说明/46件道具正式清单.csv,78abadd186c22a4852591ebeff9fb0f370e6fa0fcc92d722da9b0304678dee21,formal_catalog_entry,PROP-005,,,formal_row_authoritative,True,True,False,False,PROP-005,,,G02_锈环星_PROP-001-012_已确认基准.png,通过,,,,,,,,,,
PROP-006,PROP-006,prop,脉冲电容芯,G02,锈环星,,已确认基准,PKG-PROPS-V3.0,星骸拾荒者_道具美术正式包_V3.0/02_核查清单与说明/46件道具正式清单.csv,78abadd186c22a4852591ebeff9fb0f370e6fa0fcc92d722da9b0304678dee21,formal_catalog_entry,PROP-006,,,formal_row_authoritative,True,True,False,False,PROP-006,,,G02_锈环星_PROP-001-012_已确认基准.png,通过,,,,,,,,,,
PROP-007,PROP-007,prop,稳定电芯,G02,锈环星,,已确认基准,PKG-PROPS-V3.0,星骸拾荒者_道具美术正式包_V3.0/02_核查清单与说明/46件道具正式清单.csv,78abadd186c22a4852591ebeff9fb0f370e6fa0fcc92d722da9b0304678dee21,formal_catalog_entry,PROP-007,,,formal_row_authoritative,True,True,False,False,PROP-007,,,G02_锈环星_PROP-001-012_已确认基准.png,通过,,,,,,,,,,
PROP-008,PROP-008,prop,低损耗铜线,G02,锈环星,,已确认基准,PKG-PROPS-V3.0,星骸拾荒者_道具美术正式包_V3.0/02_核查清单与说明/46件道具正式清单.csv,78abadd186c22a4852591ebeff9fb0f370e6fa0fcc92d722da9b0304678dee21,formal_catalog_entry,PROP-008,,,formal_row_authoritative,True,True,False,False,PROP-008,,,G02_锈环星_PROP-001-012_已确认基准.png,通过,,,,,,,,,,
PROP-009,PROP-009,prop,公共稳压器借用许可牌,G02,锈环星,,已确认基准,PKG-PROPS-V3.0,星骸拾荒者_道具美术正式包_V3.0/02_核查清单与说明/46件道具正式清单.csv,78abadd186c22a4852591ebeff9fb0f370e6fa0fcc92d722da9b0304678dee21,formal_catalog_entry,PROP-009,,,formal_row_authoritative,True,True,False,False,PROP-009,,,G02_锈环星_PROP-001-012_已确认基准.png,通过,,,,,,,,,,
PROP-010,PROP-010,prop,检修扣,G02,锈环星,,已确认基准,PKG-PROPS-V3.0,星骸拾荒者_道具美术正式包_V3.0/02_核查清单与说明/46件道具正式清单.csv,78abadd186c22a4852591ebeff9fb0f370e6fa0fcc92d722da9b0304678dee21,formal_catalog_entry,PROP-010,,,formal_row_authoritative,True,True,False,False,PROP-010,,,G02_锈环星_PROP-001-012_已确认基准.png,通过,,,,,,,,,,
PROP-011,PROP-011,prop,同步维持器,G02,锈环星,,已确认基准,PKG-PROPS-V3.0,星骸拾荒者_道具美术正式包_V3.0/02_核查清单与说明/46件道具正式清单.csv,78abadd186c22a4852591ebeff9fb0f370e6fa0fcc92d722da9b0304678dee21,formal_catalog_entry,PROP-011,,,formal_row_authoritative,True,True,False,False,PROP-011,,,G02_锈环星_PROP-001-012_已确认基准.png,通过,,,,,,,,,,
PROP-012,PROP-012,prop,尾索规避器,G02,锈环星,,已确认基准,PKG-PROPS-V3.0,星骸拾荒者_道具美术正式包_V3.0/02_核查清单与说明/46件道具正式清单.csv,78abadd186c22a4852591ebeff9fb0f370e6fa0fcc92d722da9b0304678dee21,formal_catalog_entry,PROP-012,,,formal_row_authoritative,True,True,False,False,PROP-012,,,G02_锈环星_PROP-001-012_已确认基准.png,通过,,,,,,,,,,
PROP-013,PROP-013,prop,均分齿轮背包,G03,齿轮荒原,,重设计完成,PKG-PROPS-V3.0,星骸拾荒者_道具美术正式包_V3.0/02_核查清单与说明/46件道具正式清单.csv,78abadd186c22a4852591ebeff9fb0f370e6fa0fcc92d722da9b0304678dee21,formal_catalog_entry,PROP-013,,,formal_row_authoritative,True,True,False,False,PROP-013,,,G03_齿轮荒原_PROP-013-015_重设计版.png,通过,,,,,,,,,,
PROP-014,PROP-014,prop,订单伪写器,G03,齿轮荒原,,重设计完成,PKG-PROPS-V3.0,星骸拾荒者_道具美术正式包_V3.0/02_核查清单与说明/46件道具正式清单.csv,78abadd186c22a4852591ebeff9fb0f370e6fa0fcc92d722da9b0304678dee21,formal_catalog_entry,PROP-014,,,formal_row_authoritative,True,True,False,False,PROP-014,,,G03_齿轮荒原_PROP-013-015_重设计版.png,通过,,,,,,,,,,
PROP-015,PROP-015,prop,干扰需求环,G03,齿轮荒原,,重设计完成,PKG-PROPS-V3.0,星骸拾荒者_道具美术正式包_V3.0/02_核查清单与说明/46件道具正式清单.csv,78abadd186c22a4852591ebeff9fb0f370e6fa0fcc92d722da9b0304678dee21,formal_catalog_entry,PROP-015,,,formal_row_authoritative,True,True,False,False,PROP-015,,,G03_齿轮荒原_PROP-013-015_重设计版.png,通过,,,,,,,,,,
PROP-016,PROP-016,prop,棱镜扫描镜,G04,镜面沙海,,重设计完成,PKG-PROPS-V3.0,星骸拾荒者_道具美术正式包_V3.0/02_核查清单与说明/46件道具正式清单.csv,78abadd186c22a4852591ebeff9fb0f370e6fa0fcc92d722da9b0304678dee21,formal_catalog_entry,PROP-016,,,formal_row_authoritative,True,True,False,False,PROP-016,,,G04_镜面沙海_PROP-016-018_重设计版.png,通过,,,,,,,,,,
PROP-017,PROP-017,prop,镜像披风,G04,镜面沙海,,重设计完成,PKG-PROPS-V3.0,星骸拾荒者_道具美术正式包_V3.0/02_核查清单与说明/46件道具正式清单.csv,78abadd186c22a4852591ebeff9fb0f370e6fa0fcc92d722da9b0304678dee21,formal_catalog_entry,PROP-017,,,formal_row_authoritative,True,True,False,False,PROP-017,,,G04_镜面沙海_PROP-016-018_重设计版.png,通过,,,,,,,,,,
PROP-018,PROP-018,prop,记忆铆钉,G04,镜面沙海,,重设计完成,PKG-PROPS-V3.0,星骸拾荒者_道具美术正式包_V3.0/02_核查清单与说明/46件道具正式清单.csv,78abadd186c22a4852591ebeff9fb0f370e6fa0fcc92d722da9b0304678dee21,formal_catalog_entry,PROP-018,,,formal_row_authoritative,True,True,False,False,PROP-018,,,G04_镜面沙海_PROP-016-018_重设计版.png,通过,,,,,,,,,,
PROP-019,PROP-019,prop,激光卷尺,G05,刻度冰原,,重设计完成,PKG-PROPS-V3.0,星骸拾荒者_道具美术正式包_V3.0/02_核查清单与说明/46件道具正式清单.csv,78abadd186c22a4852591ebeff9fb0f370e6fa0fcc92d722da9b0304678dee21,formal_catalog_entry,PROP-019,,,formal_row_authoritative,True,True,False,False,PROP-019,,,G05_刻度冰原_PROP-019-021_重设计版.png,通过,,,,,,,,,,
PROP-020,PROP-020,prop,冰面抓地靴,G05,刻度冰原,,重设计完成,PKG-PROPS-V3.0,星骸拾荒者_道具美术正式包_V3.0/02_核查清单与说明/46件道具正式清单.csv,78abadd186c22a4852591ebeff9fb0f370e6fa0fcc92d722da9b0304678dee21,formal_catalog_entry,PROP-020,,,formal_row_authoritative,True,True,False,False,PROP-020,,,G05_刻度冰原_PROP-019-021_重设计版.png,通过,,,,,,,,,,
PROP-021,PROP-021,prop,伸缩桥轨,G05,刻度冰原,,重设计完成,PKG-PROPS-V3.0,星骸拾荒者_道具美术正式包_V3.0/02_核查清单与说明/46件道具正式清单.csv,78abadd186c22a4852591ebeff9fb0f370e6fa0fcc92d722da9b0304678dee21,formal_catalog_entry,PROP-021,,,formal_row_authoritative,True,True,False,False,PROP-021,,,G05_刻度冰原_PROP-019-021_重设计版.png,通过,,,,,,,,,,
PROP-022,PROP-022,prop,分数切割器,G06,分片群岛,,重设计完成,PKG-PROPS-V3.0,星骸拾荒者_道具美术正式包_V3.0/02_核查清单与说明/46件道具正式清单.csv,78abadd186c22a4852591ebeff9fb0f370e6fa0fcc92d722da9b0304678dee21,formal_catalog_entry,PROP-022,,,formal_row_authoritative,True,True,False,False,PROP-022,,,G06_分片群岛_PROP-022-024_重设计版.png,通过,,,,,,,,,,
PROP-023,PROP-023,prop,能源调配罐,G06,分片群岛,,重设计完成,PKG-PROPS-V3.0,星骸拾荒者_道具美术正式包_V3.0/02_核查清单与说明/46件道具正式清单.csv,78abadd186c22a4852591ebeff9fb0f370e6fa0fcc92d722da9b0304678dee21,formal_catalog_entry,PROP-023,,,formal_row_authoritative,True,True,False,False,PROP-023,,,G06_分片群岛_PROP-022-024_重设计版.png,通过,,,,,,,,,,
PROP-024,PROP-024,prop,拼片护甲,G06,分片群岛,,重设计完成,PKG-PROPS-V3.0,星骸拾荒者_道具美术正式包_V3.0/02_核查清单与说明/46件道具正式清单.csv,78abadd186c22a4852591ebeff9fb0f370e6fa0fcc92d722da9b0304678dee21,formal_catalog_entry,PROP-024,,,formal_row_authoritative,True,True,False,False,PROP-024,,,G06_分片群岛_PROP-022-024_重设计版.png,通过,,,,,,,,,,
PROP-025,PROP-025,prop,方格建造器,G07,方格城,,重设计完成,PKG-PROPS-V3.0,星骸拾荒者_道具美术正式包_V3.0/02_核查清单与说明/46件道具正式清单.csv,78abadd186c22a4852591ebeff9fb0f370e6fa0fcc92d722da9b0304678dee21,formal_catalog_entry,PROP-025,,,formal_row_authoritative,True,True,False,False,PROP-025,,,G07_方格城_PROP-025-027_重设计版.png,通过,,,,,,,,,,
PROP-026,PROP-026,prop,周长束缚索,G07,方格城,,重设计完成,PKG-PROPS-V3.0,星骸拾荒者_道具美术正式包_V3.0/02_核查清单与说明/46件道具正式清单.csv,78abadd186c22a4852591ebeff9fb0f370e6fa0fcc92d722da9b0304678dee21,formal_catalog_entry,PROP-026,,,formal_row_authoritative,True,True,False,False,PROP-026,,,G07_方格城_PROP-025-027_重设计版.png,通过,,,,,,,,,,
PROP-027,PROP-027,prop,三角稳定甲,G07,方格城,,重设计完成,PKG-PROPS-V3.0,星骸拾荒者_道具美术正式包_V3.0/02_核查清单与说明/46件道具正式清单.csv,78abadd186c22a4852591ebeff9fb0f370e6fa0fcc92d722da9b0304678dee21,formal_catalog_entry,PROP-027,,,formal_row_authoritative,True,True,False,False,PROP-027,,,G07_方格城_PROP-025-027_重设计版.png,通过,,,,,,,,,,
PROP-028,PROP-028,prop,时间减速器,G08,钟摆之城,,重设计完成,PKG-PROPS-V3.0,星骸拾荒者_道具美术正式包_V3.0/02_核查清单与说明/46件道具正式清单.csv,78abadd186c22a4852591ebeff9fb0f370e6fa0fcc92d722da9b0304678dee21,formal_catalog_entry,PROP-028,,,formal_row_authoritative,True,True,False,False,PROP-028,,,G08_钟摆之城_PROP-028-030_重设计版.png,通过,,,,,,,,,,
PROP-029,PROP-029,prop,周期预测仪,G08,钟摆之城,,重设计完成,PKG-PROPS-V3.0,星骸拾荒者_道具美术正式包_V3.0/02_核查清单与说明/46件道具正式清单.csv,78abadd186c22a4852591ebeff9fb0f370e6fa0fcc92d722da9b0304678dee21,formal_catalog_entry,PROP-029,,,formal_row_authoritative,True,True,False,False,PROP-029,,,G08_钟摆之城_PROP-028-030_重设计版.png,通过,,,,,,,,,,
PROP-030,PROP-030,prop,循环外刻片,G08,钟摆之城,,重设计完成,PKG-PROPS-V3.0,星骸拾荒者_道具美术正式包_V3.0/02_核查清单与说明/46件道具正式清单.csv,78abadd186c22a4852591ebeff9fb0f370e6fa0fcc92d722da9b0304678dee21,formal_catalog_entry,PROP-030,,,formal_row_authoritative,True,True,False,False,PROP-030,,,G08_钟摆之城_PROP-028-030_重设计版.png,通过,,,,,,,,,,
PROP-031,PROP-031,prop,坐标定位器,G09,棋阵卫星,,重设计完成,PKG-PROPS-V3.0,星骸拾荒者_道具美术正式包_V3.0/02_核查清单与说明/46件道具正式清单.csv,78abadd186c22a4852591ebeff9fb0f370e6fa0fcc92d722da9b0304678dee21,formal_catalog_entry,PROP-031,,,formal_row_authoritative,True,True,False,False,PROP-031,,,G09_棋阵卫星_PROP-031-033_重设计版.png,通过,,,,,,,,,,
PROP-032,PROP-032,prop,逻辑干扰器,G09,棋阵卫星,,重设计完成,PKG-PROPS-V3.0,星骸拾荒者_道具美术正式包_V3.0/02_核查清单与说明/46件道具正式清单.csv,78abadd186c22a4852591ebeff9fb0f370e6fa0fcc92d722da9b0304678dee21,formal_catalog_entry,PROP-032,,,formal_row_authoritative,True,True,False,False,PROP-032,,,G09_棋阵卫星_PROP-031-033_重设计版.png,通过,,,,,,,,,,
PROP-033,PROP-033,prop,棋阵投影盘,G09,棋阵卫星,,重设计完成,PKG-PROPS-V3.0,星骸拾荒者_道具美术正式包_V3.0/02_核查清单与说明/46件道具正式清单.csv,78abadd186c22a4852591ebeff9fb0f370e6fa0fcc92d722da9b0304678dee21,formal_catalog_entry,PROP-033,,,formal_row_authoritative,True,True,False,False,PROP-033,,,G09_棋阵卫星_PROP-031-033_重设计版.png,通过,,,,,,,,,,
PROP-034,PROP-034,prop,数据预测头盔,G10,概率云港,,重设计完成,PKG-PROPS-V3.0,星骸拾荒者_道具美术正式包_V3.0/02_核查清单与说明/46件道具正式清单.csv,78abadd186c22a4852591ebeff9fb0f370e6fa0fcc92d722da9b0304678dee21,formal_catalog_entry,PROP-034,,,formal_row_authoritative,True,True,False,False,PROP-034,,,G10-G11_概率云港-立体工厂_PROP-034-039_重设计版.png,通过,,,,,,,,,,
PROP-035,PROP-035,prop,概率感应器,G10,概率云港,,重设计完成,PKG-PROPS-V3.0,星骸拾荒者_道具美术正式包_V3.0/02_核查清单与说明/46件道具正式清单.csv,78abadd186c22a4852591ebeff9fb0f370e6fa0fcc92d722da9b0304678dee21,formal_catalog_entry,PROP-035,,,formal_row_authoritative,True,True,False,False,PROP-035,,,G10-G11_概率云港-立体工厂_PROP-034-039_重设计版.png,通过,,,,,,,,,,
PROP-036,PROP-036,prop,云港滑翔翼,G10,概率云港,,重设计完成,PKG-PROPS-V3.0,星骸拾荒者_道具美术正式包_V3.0/02_核查清单与说明/46件道具正式清单.csv,78abadd186c22a4852591ebeff9fb0f370e6fa0fcc92d722da9b0304678dee21,formal_catalog_entry,PROP-036,,,formal_row_authoritative,True,True,False,False,PROP-036,,,G10-G11_概率云港-立体工厂_PROP-034-039_重设计版.png,通过,,,,,,,,,,
PROP-037,PROP-037,prop,立体装配臂,G11,立体工厂,,重设计完成,PKG-PROPS-V3.0,星骸拾荒者_道具美术正式包_V3.0/02_核查清单与说明/46件道具正式清单.csv,78abadd186c22a4852591ebeff9fb0f370e6fa0fcc92d722da9b0304678dee21,formal_catalog_entry,PROP-037,,,formal_row_authoritative,True,True,False,False,PROP-037,,,G10-G11_概率云港-立体工厂_PROP-034-039_重设计版.png,通过,,,,,,,,,,
PROP-038,PROP-038,prop,空间折叠箱,G11,立体工厂,,重设计完成,PKG-PROPS-V3.0,星骸拾荒者_道具美术正式包_V3.0/02_核查清单与说明/46件道具正式清单.csv,78abadd186c22a4852591ebeff9fb0f370e6fa0fcc92d722da9b0304678dee21,formal_catalog_entry,PROP-038,,,formal_row_authoritative,True,True,False,False,PROP-038,,,G10-G11_概率云港-立体工厂_PROP-034-039_重设计版.png,通过,,,,,,,,,,
PROP-039,PROP-039,prop,棱角护盾,G11,立体工厂,,重设计完成,PKG-PROPS-V3.0,星骸拾荒者_道具美术正式包_V3.0/02_核查清单与说明/46件道具正式清单.csv,78abadd186c22a4852591ebeff9fb0f370e6fa0fcc92d722da9b0304678dee21,formal_catalog_entry,PROP-039,,,formal_row_authoritative,True,True,False,False,PROP-039,,,G10-G11_概率云港-立体工厂_PROP-034-039_重设计版.png,通过,,,,,,,,,,
PROP-040,PROP-040,prop,综合工程臂,G12,百工星环,,重设计完成,PKG-PROPS-V3.0,星骸拾荒者_道具美术正式包_V3.0/02_核查清单与说明/46件道具正式清单.csv,78abadd186c22a4852591ebeff9fb0f370e6fa0fcc92d722da9b0304678dee21,formal_catalog_entry,PROP-040,,,formal_row_authoritative,True,True,False,False,PROP-040,,,G12_百工星环_PROP-040-043_重设计版.png,通过,,,,,,,,,,
PROP-041,PROP-041,prop,模块接驳器,G12,百工星环,,重设计完成,PKG-PROPS-V3.0,星骸拾荒者_道具美术正式包_V3.0/02_核查清单与说明/46件道具正式清单.csv,78abadd186c22a4852591ebeff9fb0f370e6fa0fcc92d722da9b0304678dee21,formal_catalog_entry,PROP-041,,,formal_row_authoritative,True,True,False,False,PROP-041,,,G12_百工星环_PROP-040-043_重设计版.png,通过,,,,,,,,,,
PROP-042,PROP-042,prop,风暴稳定翼,G12,百工星环,,重设计完成,PKG-PROPS-V3.0,星骸拾荒者_道具美术正式包_V3.0/02_核查清单与说明/46件道具正式清单.csv,78abadd186c22a4852591ebeff9fb0f370e6fa0fcc92d722da9b0304678dee21,formal_catalog_entry,PROP-042,,,formal_row_authoritative,True,True,False,False,PROP-042,,,G12_百工星环_PROP-040-043_重设计版.png,通过,,,,,,,,,,
PROP-043,PROP-043,prop,工程调度台,G12,百工星环,,重设计完成,PKG-PROPS-V3.0,星骸拾荒者_道具美术正式包_V3.0/02_核查清单与说明/46件道具正式清单.csv,78abadd186c22a4852591ebeff9fb0f370e6fa0fcc92d722da9b0304678dee21,formal_catalog_entry,PROP-043,,,formal_row_authoritative,True,True,False,False,PROP-043,,,G12_百工星环_PROP-040-043_重设计版.png,通过,,,,,,,,,,
PROP-044,PROP-044,prop,十二星修复环,G13,零号地球,,重设计完成,PKG-PROPS-V3.0,星骸拾荒者_道具美术正式包_V3.0/02_核查清单与说明/46件道具正式清单.csv,78abadd186c22a4852591ebeff9fb0f370e6fa0fcc92d722da9b0304678dee21,formal_catalog_entry,PROP-044,,,formal_row_authoritative,True,True,False,False,PROP-044,,,G13_零号地球_PROP-044-046_重设计版.png,通过,,,,,,,,,,
PROP-045,PROP-045,prop,文明种子舱,G13,零号地球,,重设计完成,PKG-PROPS-V3.0,星骸拾荒者_道具美术正式包_V3.0/02_核查清单与说明/46件道具正式清单.csv,78abadd186c22a4852591ebeff9fb0f370e6fa0fcc92d722da9b0304678dee21,formal_catalog_entry,PROP-045,,,formal_row_authoritative,True,True,False,False,PROP-045,,,G13_零号地球_PROP-044-046_重设计版.png,通过,,,,,,,,,,
PROP-046,PROP-046,prop,最初的小扳手,G13,零号地球,,重设计完成,PKG-PROPS-V3.0,星骸拾荒者_道具美术正式包_V3.0/02_核查清单与说明/46件道具正式清单.csv,78abadd186c22a4852591ebeff9fb0f370e6fa0fcc92d722da9b0304678dee21,formal_catalog_entry,PROP-046,,,formal_row_authoritative,True,True,False,False,PROP-046,,,G13_零号地球_PROP-044-046_重设计版.png,通过,,,,,,,,,,
MECH-001,MECH-001,mechanism,资源网络,G02,G02 锈环星,,已确认冻结,PKG-MECH-V2.0,星骸拾荒者_机制可视化HOPA正式包_V2.0/05_总清单与封版说明/47项机制可视化正式清单.csv,c37ef26a98e11fc6077c7d3df2b65258da3f2ad2f8b18705b7b7eaab24c6bf36,formal_catalog_entry,MECH-001,,,formal_row_authoritative,True,True,False,False,MECH-001,,,,,资源网络,V2.0,,,,,,,,
MECH-002,MECH-002,mechanism,参数诊断,G02,G02 锈环星,,已确认冻结,PKG-MECH-V2.0,星骸拾荒者_机制可视化HOPA正式包_V2.0/05_总清单与封版说明/47项机制可视化正式清单.csv,c37ef26a98e11fc6077c7d3df2b65258da3f2ad2f8b18705b7b7eaab24c6bf36,formal_catalog_entry,MECH-002,,,formal_row_authoritative,True,True,False,False,MECH-002,,,,,参数诊断,V2.0,,,,,,,,
MECH-003,MECH-003,mechanism,路径调度,G02,G02 锈环星,,已确认冻结,PKG-MECH-V2.0,星骸拾荒者_机制可视化HOPA正式包_V2.0/05_总清单与封版说明/47项机制可视化正式清单.csv,c37ef26a98e11fc6077c7d3df2b65258da3f2ad2f8b18705b7b7eaab24c6bf36,formal_catalog_entry,MECH-003,,,formal_row_authoritative,True,True,False,False,MECH-003,,,,,路径调度,V2.0,,,,,,,,
MECH-004,MECH-004,mechanism,真实需求表,G03,G03 齿轮荒原,,已确认冻结,PKG-MECH-V2.0,星骸拾荒者_机制可视化HOPA正式包_V2.0/05_总清单与封版说明/47项机制可视化正式清单.csv,c37ef26a98e11fc6077c7d3df2b65258da3f2ad2f8b18705b7b7eaab24c6bf36,formal_catalog_entry,MECH-004,,,formal_row_authoritative,True,True,False,False,MECH-004,,,,,真实需求表,V2.0,,,,,,,,
MECH-005,MECH-005,mechanism,订单欺骗,G03,G03 齿轮荒原,,已确认冻结,PKG-MECH-V2.0,星骸拾荒者_机制可视化HOPA正式包_V2.0/05_总清单与封版说明/47项机制可视化正式清单.csv,c37ef26a98e11fc6077c7d3df2b65258da3f2ad2f8b18705b7b7eaab24c6bf36,formal_catalog_entry,MECH-005,,,formal_row_authoritative,True,True,False,False,MECH-005,,,,,订单欺骗,V2.0,,,,,,,,
MECH-006,MECH-006,mechanism,传送带逆行,G03,G03 齿轮荒原,,已确认冻结,PKG-MECH-V2.0,星骸拾荒者_机制可视化HOPA正式包_V2.0/05_总清单与封版说明/47项机制可视化正式清单.csv,c37ef26a98e11fc6077c7d3df2b65258da3f2ad2f8b18705b7b7eaab24c6bf36,formal_catalog_entry,MECH-006,,,formal_row_authoritative,True,True,False,False,MECH-006,,,,,传送带逆行,V2.0,,,,,,,,
MECH-007,MECH-007,mechanism,公开分配会,G03,G03 齿轮荒原,,已确认冻结,PKG-MECH-V2.0,星骸拾荒者_机制可视化HOPA正式包_V2.0/05_总清单与封版说明/47项机制可视化正式清单.csv,c37ef26a98e11fc6077c7d3df2b65258da3f2ad2f8b18705b7b7eaab24c6bf36,formal_catalog_entry,MECH-007,,,formal_row_authoritative,True,True,False,False,MECH-007,,,,,公开分配会,V2.0,,,,,,,,
MECH-008,MECH-008,mechanism,现实/镜像双层坐标,G04,G04 镜面沙海,,已确认冻结,PKG-MECH-V2.0,星骸拾荒者_机制可视化HOPA正式包_V2.0/05_总清单与封版说明/47项机制可视化正式清单.csv,c37ef26a98e11fc6077c7d3df2b65258da3f2ad2f8b18705b7b7eaab24c6bf36,formal_catalog_entry,MECH-008,,,formal_row_authoritative,True,True,False,False,MECH-008,,,,,现实/镜像双层坐标,V2.0,,,,,,,,
MECH-009,MECH-009,mechanism,记忆耐久,G04,G04 镜面沙海,,已确认冻结,PKG-MECH-V2.0,星骸拾荒者_机制可视化HOPA正式包_V2.0/05_总清单与封版说明/47项机制可视化正式清单.csv,c37ef26a98e11fc6077c7d3df2b65258da3f2ad2f8b18705b7b7eaab24c6bf36,formal_catalog_entry,MECH-009,,,formal_row_authoritative,True,True,False,False,MECH-009,,,,,记忆耐久,V2.0,,,,,,,,
MECH-010,MECH-010,mechanism,反向输入机关,G04,G04 镜面沙海,,已确认冻结,PKG-MECH-V2.0,星骸拾荒者_机制可视化HOPA正式包_V2.0/05_总清单与封版说明/47项机制可视化正式清单.csv,c37ef26a98e11fc6077c7d3df2b65258da3f2ad2f8b18705b7b7eaab24c6bf36,formal_catalog_entry,MECH-010,,,formal_row_authoritative,True,True,False,False,MECH-010,,,,,反向输入机关,V2.0,,,,,,,,
MECH-011,MECH-011,mechanism,欺骗预测,G04,G04 镜面沙海,,已确认冻结,PKG-MECH-V2.0,星骸拾荒者_机制可视化HOPA正式包_V2.0/05_总清单与封版说明/47项机制可视化正式清单.csv,c37ef26a98e11fc6077c7d3df2b65258da3f2ad2f8b18705b7b7eaab24c6bf36,formal_catalog_entry,MECH-011,,,formal_row_authoritative,True,True,False,False,MECH-011,,,,,欺骗预测,V2.0,,,,,,,,
MECH-012,MECH-012,mechanism,双高度校准,G05,G05 刻度冰原,,已确认冻结,PKG-MECH-V2.0,星骸拾荒者_机制可视化HOPA正式包_V2.0/05_总清单与封版说明/47项机制可视化正式清单.csv,c37ef26a98e11fc6077c7d3df2b65258da3f2ad2f8b18705b7b7eaab24c6bf36,formal_catalog_entry,MECH-012,,,formal_row_authoritative,True,True,False,False,MECH-012,,,,,双高度校准,V2.0,,,,,,,,
MECH-013,MECH-013,mechanism,量杯上涨,G05,G05 刻度冰原,,已确认冻结,PKG-MECH-V2.0,星骸拾荒者_机制可视化HOPA正式包_V2.0/05_总清单与封版说明/47项机制可视化正式清单.csv,c37ef26a98e11fc6077c7d3df2b65258da3f2ad2f8b18705b7b7eaab24c6bf36,formal_catalog_entry,MECH-013,,,formal_row_authoritative,True,True,False,False,MECH-013,,,,,量杯上涨,V2.0,,,,,,,,
MECH-014,MECH-014,mechanism,误差带测量,G05,G05 刻度冰原,,已确认冻结,PKG-MECH-V2.0,星骸拾荒者_机制可视化HOPA正式包_V2.0/05_总清单与封版说明/47项机制可视化正式清单.csv,c37ef26a98e11fc6077c7d3df2b65258da3f2ad2f8b18705b7b7eaab24c6bf36,formal_catalog_entry,MECH-014,,,formal_row_authoritative,True,True,False,False,MECH-014,,,,,误差带测量,V2.0,,,,,,,,
MECH-015,MECH-015,mechanism,薄冰安全路线,G05,G05 刻度冰原,,已确认冻结,PKG-MECH-V2.0,星骸拾荒者_机制可视化HOPA正式包_V2.0/05_总清单与封版说明/47项机制可视化正式清单.csv,c37ef26a98e11fc6077c7d3df2b65258da3f2ad2f8b18705b7b7eaab24c6bf36,formal_catalog_entry,MECH-015,,,formal_row_authoritative,True,True,False,False,MECH-015,,,,,薄冰安全路线,V2.0,,,,,,,,
MECH-016,MECH-016,mechanism,九片航线重组,G06,G06 分片群岛,,已确认冻结,PKG-MECH-V2.0,星骸拾荒者_机制可视化HOPA正式包_V2.0/05_总清单与封版说明/47项机制可视化正式清单.csv,c37ef26a98e11fc6077c7d3df2b65258da3f2ad2f8b18705b7b7eaab24c6bf36,formal_catalog_entry,MECH-016,,,formal_row_authoritative,True,True,False,False,MECH-016,,,,,九片航线重组,V2.0,,,,,,,,
MECH-017,MECH-017,mechanism,缺口表归并,G06,G06 分片群岛,,已确认冻结,PKG-MECH-V2.0,星骸拾荒者_机制可视化HOPA正式包_V2.0/05_总清单与封版说明/47项机制可视化正式清单.csv,c37ef26a98e11fc6077c7d3df2b65258da3f2ad2f8b18705b7b7eaab24c6bf36,formal_catalog_entry,MECH-017,,,formal_row_authoritative,True,True,False,False,MECH-017,,,,,缺口表归并,V2.0,,,,,,,,
MECH-018,MECH-018,mechanism,比例桥材切分,G06,G06 分片群岛,,已确认冻结,PKG-MECH-V2.0,星骸拾荒者_机制可视化HOPA正式包_V2.0/05_总清单与封版说明/47项机制可视化正式清单.csv,c37ef26a98e11fc6077c7d3df2b65258da3f2ad2f8b18705b7b7eaab24c6bf36,formal_catalog_entry,MECH-018,,,formal_row_authoritative,True,True,False,False,MECH-018,,,,,比例桥材切分,V2.0,,,,,,,,
MECH-019,MECH-019,mechanism,岛链能源配比,G06,G06 分片群岛,,已确认冻结,PKG-MECH-V2.0,星骸拾荒者_机制可视化HOPA正式包_V2.0/05_总清单与封版说明/47项机制可视化正式清单.csv,c37ef26a98e11fc6077c7d3df2b65258da3f2ad2f8b18705b7b7eaab24c6bf36,formal_catalog_entry,MECH-019,,,formal_row_authoritative,True,True,False,False,MECH-019,,,,,岛链能源配比,V2.0,,,,,,,,
MECH-020,MECH-020,mechanism,城门平移一格,G07,G07 方格城,,已确认冻结,PKG-MECH-V2.0,星骸拾荒者_机制可视化HOPA正式包_V2.0/05_总清单与封版说明/47项机制可视化正式清单.csv,c37ef26a98e11fc6077c7d3df2b65258da3f2ad2f8b18705b7b7eaab24c6bf36,formal_catalog_entry,MECH-020,,,formal_row_authoritative,True,True,False,False,MECH-020,,,,,城门平移一格,V2.0,,,,,,,,
MECH-021,MECH-021,mechanism,最后一块空地,G07,G07 方格城,,已确认冻结,PKG-MECH-V2.0,星骸拾荒者_机制可视化HOPA正式包_V2.0/05_总清单与封版说明/47项机制可视化正式清单.csv,c37ef26a98e11fc6077c7d3df2b65258da3f2ad2f8b18705b7b7eaab24c6bf36,formal_catalog_entry,MECH-021,,,formal_row_authoritative,True,True,False,False,MECH-021,,,,,最后一块空地,V2.0,,,,,,,,
MECH-022,MECH-022,mechanism,周长封锁线,G07,G07 方格城,,已确认冻结,PKG-MECH-V2.0,星骸拾荒者_机制可视化HOPA正式包_V2.0/05_总清单与封版说明/47项机制可视化正式清单.csv,c37ef26a98e11fc6077c7d3df2b65258da3f2ad2f8b18705b7b7eaab24c6bf36,formal_catalog_entry,MECH-022,,,formal_row_authoritative,True,True,False,False,MECH-022,,,,,周长封锁线,V2.0,,,,,,,,
MECH-023,MECH-023,mechanism,三角支撑网,G07,G07 方格城,,已确认冻结,PKG-MECH-V2.0,星骸拾荒者_机制可视化HOPA正式包_V2.0/05_总清单与封版说明/47项机制可视化正式清单.csv,c37ef26a98e11fc6077c7d3df2b65258da3f2ad2f8b18705b7b7eaab24c6bf36,formal_catalog_entry,MECH-023,,,formal_row_authoritative,True,True,False,False,MECH-023,,,,,三角支撑网,V2.0,,,,,,,,
MECH-024,MECH-024,mechanism,三钟同步,G08,G08 钟摆之城,,已确认冻结,PKG-MECH-V2.0,星骸拾荒者_机制可视化HOPA正式包_V2.0/05_总清单与封版说明/47项机制可视化正式清单.csv,c37ef26a98e11fc6077c7d3df2b65258da3f2ad2f8b18705b7b7eaab24c6bf36,formal_catalog_entry,MECH-024,,,formal_row_authoritative,True,True,False,False,MECH-024,,,,,三钟同步,V2.0,,,,,,,,
MECH-025,MECH-025,mechanism,窗口行动链,G08,G08 钟摆之城,,已确认冻结,PKG-MECH-V2.0,星骸拾荒者_机制可视化HOPA正式包_V2.0/05_总清单与封版说明/47项机制可视化正式清单.csv,c37ef26a98e11fc6077c7d3df2b65258da3f2ad2f8b18705b7b7eaab24c6bf36,formal_catalog_entry,MECH-025,,,formal_row_authoritative,True,True,False,False,MECH-025,,,,,窗口行动链,V2.0,,,,,,,,
MECH-026,MECH-026,mechanism,循环日志保留,G08,G08 钟摆之城,,已确认冻结,PKG-MECH-V2.0,星骸拾荒者_机制可视化HOPA正式包_V2.0/05_总清单与封版说明/47项机制可视化正式清单.csv,c37ef26a98e11fc6077c7d3df2b65258da3f2ad2f8b18705b7b7eaab24c6bf36,formal_catalog_entry,MECH-026,,,formal_row_authoritative,True,True,False,False,MECH-026,,,,,循环日志保留,V2.0,,,,,,,,
MECH-027,MECH-027,mechanism,相位门阵,G08,G08 钟摆之城,,已确认冻结,PKG-MECH-V2.0,星骸拾荒者_机制可视化HOPA正式包_V2.0/05_总清单与封版说明/47项机制可视化正式清单.csv,c37ef26a98e11fc6077c7d3df2b65258da3f2ad2f8b18705b7b7eaab24c6bf36,formal_catalog_entry,MECH-027,,,formal_row_authoritative,True,True,False,False,MECH-027,,,,,相位门阵,V2.0,,,,,,,,
MECH-028,MECH-028,mechanism,翻面坐标盘,G09,G09 棋阵卫星,,已确认冻结,PKG-MECH-V2.0,星骸拾荒者_机制可视化HOPA正式包_V2.0/05_总清单与封版说明/47项机制可视化正式清单.csv,c37ef26a98e11fc6077c7d3df2b65258da3f2ad2f8b18705b7b7eaab24c6bf36,formal_catalog_entry,MECH-028,,,formal_row_authoritative,True,True,False,False,MECH-028,,,,,翻面坐标盘,V2.0,,,,,,,,
MECH-029,MECH-029,mechanism,棋子能力推演,G09,G09 棋阵卫星,,已确认冻结,PKG-MECH-V2.0,星骸拾荒者_机制可视化HOPA正式包_V2.0/05_总清单与封版说明/47项机制可视化正式清单.csv,c37ef26a98e11fc6077c7d3df2b65258da3f2ad2f8b18705b7b7eaab24c6bf36,formal_catalog_entry,MECH-029,,,formal_row_authoritative,True,True,False,False,MECH-029,,,,,棋子能力推演,V2.0,,,,,,,,
MECH-030,MECH-030,mechanism,真假规则链,G09,G09 棋阵卫星,,已确认冻结,PKG-MECH-V2.0,星骸拾荒者_机制可视化HOPA正式包_V2.0/05_总清单与封版说明/47项机制可视化正式清单.csv,c37ef26a98e11fc6077c7d3df2b65258da3f2ad2f8b18705b7b7eaab24c6bf36,formal_catalog_entry,MECH-030,,,formal_row_authoritative,True,True,False,False,MECH-030,,,,,真假规则链,V2.0,,,,,,,,
MECH-031,MECH-031,mechanism,双盘同步,G09,G09 棋阵卫星,,已确认冻结,PKG-MECH-V2.0,星骸拾荒者_机制可视化HOPA正式包_V2.0/05_总清单与封版说明/47项机制可视化正式清单.csv,c37ef26a98e11fc6077c7d3df2b65258da3f2ad2f8b18705b7b7eaab24c6bf36,formal_catalog_entry,MECH-031,,,formal_row_authoritative,True,True,False,False,MECH-031,,,,,双盘同步,V2.0,,,,,,,,
MECH-032,MECH-032,mechanism,风向样本墙,G10,G10 概率云港,,已确认冻结,PKG-MECH-V2.0,星骸拾荒者_机制可视化HOPA正式包_V2.0/05_总清单与封版说明/47项机制可视化正式清单.csv,c37ef26a98e11fc6077c7d3df2b65258da3f2ad2f8b18705b7b7eaab24c6bf36,formal_catalog_entry,MECH-032,,,formal_row_authoritative,True,True,False,False,MECH-032,,,,,风向样本墙,V2.0,,,,,,,,
MECH-033,MECH-033,mechanism,货箱抽样调查,G10,G10 概率云港,,已确认冻结,PKG-MECH-V2.0,星骸拾荒者_机制可视化HOPA正式包_V2.0/05_总清单与封版说明/47项机制可视化正式清单.csv,c37ef26a98e11fc6077c7d3df2b65258da3f2ad2f8b18705b7b7eaab24c6bf36,formal_catalog_entry,MECH-033,,,formal_row_authoritative,True,True,False,False,MECH-033,,,,,货箱抽样调查,V2.0,,,,,,,,
MECH-034,MECH-034,mechanism,概率门阵,G10,G10 概率云港,,已确认冻结,PKG-MECH-V2.0,星骸拾荒者_机制可视化HOPA正式包_V2.0/05_总清单与封版说明/47项机制可视化正式清单.csv,c37ef26a98e11fc6077c7d3df2b65258da3f2ad2f8b18705b7b7eaab24c6bf36,formal_catalog_entry,MECH-034,,,formal_row_authoritative,True,True,False,False,MECH-034,,,,,概率门阵,V2.0,,,,,,,,
MECH-035,MECH-035,mechanism,天气决策板,G10,G10 概率云港,,已确认冻结,PKG-MECH-V2.0,星骸拾荒者_机制可视化HOPA正式包_V2.0/05_总清单与封版说明/47项机制可视化正式清单.csv,c37ef26a98e11fc6077c7d3df2b65258da3f2ad2f8b18705b7b7eaab24c6bf36,formal_catalog_entry,MECH-035,,,formal_row_authoritative,True,True,False,False,MECH-035,,,,,天气决策板,V2.0,,,,,,,,
MECH-036,MECH-036,mechanism,三视图装配,G11,G11 立体工厂,,已确认冻结,PKG-MECH-V2.0,星骸拾荒者_机制可视化HOPA正式包_V2.0/05_总清单与封版说明/47项机制可视化正式清单.csv,c37ef26a98e11fc6077c7d3df2b65258da3f2ad2f8b18705b7b7eaab24c6bf36,formal_catalog_entry,MECH-036,,,formal_row_authoritative,True,True,False,False,MECH-036,,,,,三视图装配,V2.0,,,,,,,,
MECH-037,MECH-037,mechanism,空间装箱线,G11,G11 立体工厂,,已确认冻结,PKG-MECH-V2.0,星骸拾荒者_机制可视化HOPA正式包_V2.0/05_总清单与封版说明/47项机制可视化正式清单.csv,c37ef26a98e11fc6077c7d3df2b65258da3f2ad2f8b18705b7b7eaab24c6bf36,formal_catalog_entry,MECH-037,,,formal_row_authoritative,True,True,False,False,MECH-037,,,,,空间装箱线,V2.0,,,,,,,,
MECH-038,MECH-038,mechanism,受力分散阵,G11,G11 立体工厂,,已确认冻结,PKG-MECH-V2.0,星骸拾荒者_机制可视化HOPA正式包_V2.0/05_总清单与封版说明/47项机制可视化正式清单.csv,c37ef26a98e11fc6077c7d3df2b65258da3f2ad2f8b18705b7b7eaab24c6bf36,formal_catalog_entry,MECH-038,,,formal_row_authoritative,True,True,False,False,MECH-038,,,,,受力分散阵,V2.0,,,,,,,,
MECH-039,MECH-039,mechanism,关节避障序列,G11,G11 立体工厂,,已确认冻结,PKG-MECH-V2.0,星骸拾荒者_机制可视化HOPA正式包_V2.0/05_总清单与封版说明/47项机制可视化正式清单.csv,c37ef26a98e11fc6077c7d3df2b65258da3f2ad2f8b18705b7b7eaab24c6bf36,formal_catalog_entry,MECH-039,,,formal_row_authoritative,True,True,False,False,MECH-039,,,,,关节避障序列,V2.0,,,,,,,,
MECH-040,MECH-040,mechanism,多工序依赖网,G12,G12 百工星环,,已确认冻结,PKG-MECH-V2.0,星骸拾荒者_机制可视化HOPA正式包_V2.0/05_总清单与封版说明/47项机制可视化正式清单.csv,c37ef26a98e11fc6077c7d3df2b65258da3f2ad2f8b18705b7b7eaab24c6bf36,formal_catalog_entry,MECH-040,,,formal_row_authoritative,True,True,False,False,MECH-040,,,,,多工序依赖网,V2.0,,,,,,,,
MECH-041,MECH-041,mechanism,跨接口接驳,G12,G12 百工星环,,已确认冻结,PKG-MECH-V2.0,星骸拾荒者_机制可视化HOPA正式包_V2.0/05_总清单与封版说明/47项机制可视化正式清单.csv,c37ef26a98e11fc6077c7d3df2b65258da3f2ad2f8b18705b7b7eaab24c6bf36,formal_catalog_entry,MECH-041,,,formal_row_authoritative,True,True,False,False,MECH-041,,,,,跨接口接驳,V2.0,,,,,,,,
MECH-042,MECH-042,mechanism,风暴姿态稳定,G12,G12 百工星环,,已确认冻结,PKG-MECH-V2.0,星骸拾荒者_机制可视化HOPA正式包_V2.0/05_总清单与封版说明/47项机制可视化正式清单.csv,c37ef26a98e11fc6077c7d3df2b65258da3f2ad2f8b18705b7b7eaab24c6bf36,formal_catalog_entry,MECH-042,,,formal_row_authoritative,True,True,False,False,MECH-042,,,,,风暴姿态稳定,V2.0,,,,,,,,
MECH-043,MECH-043,mechanism,质量复核闭环,G12,G12 百工星环,,已确认冻结,PKG-MECH-V2.0,星骸拾荒者_机制可视化HOPA正式包_V2.0/05_总清单与封版说明/47项机制可视化正式清单.csv,c37ef26a98e11fc6077c7d3df2b65258da3f2ad2f8b18705b7b7eaab24c6bf36,formal_catalog_entry,MECH-043,,,formal_row_authoritative,True,True,False,False,MECH-043,,,,,质量复核闭环,V2.0,,,,,,,,
MECH-044,MECH-044,mechanism,十二星数据闭环,G13,G13 零号地球,,已确认冻结,PKG-MECH-V2.0,星骸拾荒者_机制可视化HOPA正式包_V2.0/05_总清单与封版说明/47项机制可视化正式清单.csv,c37ef26a98e11fc6077c7d3df2b65258da3f2ad2f8b18705b7b7eaab24c6bf36,formal_catalog_entry,MECH-044,,,formal_row_authoritative,True,True,False,False,MECH-044,,,,,十二星数据闭环,V2.0,,,,,,,,
MECH-045,MECH-045,mechanism,文明样本唤醒,G13,G13 零号地球,,已确认冻结,PKG-MECH-V2.0,星骸拾荒者_机制可视化HOPA正式包_V2.0/05_总清单与封版说明/47项机制可视化正式清单.csv,c37ef26a98e11fc6077c7d3df2b65258da3f2ad2f8b18705b7b7eaab24c6bf36,formal_catalog_entry,MECH-045,,,formal_row_authoritative,True,True,False,False,MECH-045,,,,,文明样本唤醒,V2.0,,,,,,,,
MECH-046,MECH-046,mechanism,历史真相拼合,G13,G13 零号地球,,已确认冻结,PKG-MECH-V2.0,星骸拾荒者_机制可视化HOPA正式包_V2.0/05_总清单与封版说明/47项机制可视化正式清单.csv,c37ef26a98e11fc6077c7d3df2b65258da3f2ad2f8b18705b7b7eaab24c6bf36,formal_catalog_entry,MECH-046,,,formal_row_authoritative,True,True,False,False,MECH-046,,,,,历史真相拼合,V2.0,,,,,,,,
MECH-047,MECH-047,mechanism,最终手动维修,G13,G13 零号地球,,已确认冻结,PKG-MECH-V2.0,星骸拾荒者_机制可视化HOPA正式包_V2.0/05_总清单与封版说明/47项机制可视化正式清单.csv,c37ef26a98e11fc6077c7d3df2b65258da3f2ad2f8b18705b7b7eaab24c6bf36,formal_catalog_entry,MECH-047,,,formal_row_authoritative,True,True,False,False,MECH-047,,,,,最终手动维修,V2.0,,,,,,,,
UI-001,UI-001,ui,标题/主菜单,GLOBAL,全局,共享UI,已确认冻结,PKG-UI-V2.0,星骸拾荒者_界面美术HOPA正式包_V2.0/05_总清单与封版说明/83项界面美术正式清单.csv,f8545e960a5d1c331eb51c3cd428209786846efda6a5e5736736858e53e25970,formal_catalog_entry,UI-001,,,formal_row_authoritative,True,True,False,False,UI-001,,,,,,V2.0,共享UI,UI-A,已检出,已确认冻结,,,,
UI-002,UI-002,ui,存档/读档,GLOBAL,全局,共享UI,已确认冻结,PKG-UI-V2.0,星骸拾荒者_界面美术HOPA正式包_V2.0/05_总清单与封版说明/83项界面美术正式清单.csv,f8545e960a5d1c331eb51c3cd428209786846efda6a5e5736736858e53e25970,formal_catalog_entry,UI-002,,,formal_row_authoritative,True,True,False,False,UI-002,,,,,,V2.0,共享UI,UI-A,已检出,已确认冻结,,,,
UI-003,UI-003,ui,设置与无障碍,GLOBAL,全局,共享UI,已确认冻结,PKG-UI-V2.0,星骸拾荒者_界面美术HOPA正式包_V2.0/05_总清单与封版说明/83项界面美术正式清单.csv,f8545e960a5d1c331eb51c3cd428209786846efda6a5e5736736858e53e25970,formal_catalog_entry,UI-003,,,formal_row_authoritative,True,True,False,False,UI-003,,,,,,V2.0,共享UI,UI-A,已检出,已确认冻结,,,,
UI-004,UI-004,ui,暂停菜单,GLOBAL,全局,共享UI,已确认冻结,PKG-UI-V2.0,星骸拾荒者_界面美术HOPA正式包_V2.0/05_总清单与封版说明/83项界面美术正式清单.csv,f8545e960a5d1c331eb51c3cd428209786846efda6a5e5736736858e53e25970,formal_catalog_entry,UI-004,,,formal_row_authoritative,True,True,False,False,UI-004,,,,,,V2.0,共享UI,UI-A,已检出,已确认冻结,,,,
UI-005,UI-005,ui,探索HUD,GLOBAL,全局,共享UI,已确认冻结,PKG-UI-V2.0,星骸拾荒者_界面美术HOPA正式包_V2.0/05_总清单与封版说明/83项界面美术正式清单.csv,f8545e960a5d1c331eb51c3cd428209786846efda6a5e5736736858e53e25970,formal_catalog_entry,UI-005,,,formal_row_authoritative,True,True,False,False,UI-005,,,,,,V2.0,共享UI,UI-A,已检出,已确认冻结,,,,
UI-006,UI-006,ui,对话/角色通讯,GLOBAL,全局,共享UI,已确认冻结,PKG-UI-V2.0,星骸拾荒者_界面美术HOPA正式包_V2.0/05_总清单与封版说明/83项界面美术正式清单.csv,f8545e960a5d1c331eb51c3cd428209786846efda6a5e5736736858e53e25970,formal_catalog_entry,UI-006,,,formal_row_authoritative,True,True,False,False,UI-006,,,,,,V2.0,共享UI,UI-A,已检出,已确认冻结,,,,
UI-007,UI-007,ui,背包/资源,GLOBAL,全局,共享UI,已确认冻结,PKG-UI-V2.0,星骸拾荒者_界面美术HOPA正式包_V2.0/05_总清单与封版说明/83项界面美术正式清单.csv,f8545e960a5d1c331eb51c3cd428209786846efda6a5e5736736858e53e25970,formal_catalog_entry,UI-007,,,formal_row_authoritative,True,True,False,False,UI-007,,,,,,V2.0,共享UI,UI-A,已检出,已确认冻结,,,,
UI-008,UI-008,ui,任务日志,GLOBAL,全局,共享UI,已确认冻结,PKG-UI-V2.0,星骸拾荒者_界面美术HOPA正式包_V2.0/05_总清单与封版说明/83项界面美术正式清单.csv,f8545e960a5d1c331eb51c3cd428209786846efda6a5e5736736858e53e25970,formal_catalog_entry,UI-008,,,formal_row_authoritative,True,True,False,False,UI-008,,,,,,V2.0,共享UI,UI-A,已检出,已确认冻结,,,,
UI-009,UI-009,ui,地图/地点树,GLOBAL,全局,共享UI,已确认冻结,PKG-UI-V2.0,星骸拾荒者_界面美术HOPA正式包_V2.0/05_总清单与封版说明/83项界面美术正式清单.csv,f8545e960a5d1c331eb51c3cd428209786846efda6a5e5736736858e53e25970,formal_catalog_entry,UI-009,,,formal_row_authoritative,True,True,False,False,UI-009,,,,,,V2.0,共享UI,UI-A,已检出,已确认冻结,,,,
UI-010,UI-010,ui,档案/证据,GLOBAL,全局,共享UI,已确认冻结,PKG-UI-V2.0,星骸拾荒者_界面美术HOPA正式包_V2.0/05_总清单与封版说明/83项界面美术正式清单.csv,f8545e960a5d1c331eb51c3cd428209786846efda6a5e5736736858e53e25970,formal_catalog_entry,UI-010,,,formal_row_authoritative,True,True,False,False,UI-010,,,,,,V2.0,共享UI,UI-A,已检出,已确认冻结,,,,
UI-011,UI-011,ui,装备/组合,GLOBAL,全局,共享UI,已确认冻结,PKG-UI-V2.0,星骸拾荒者_界面美术HOPA正式包_V2.0/05_总清单与封版说明/83项界面美术正式清单.csv,f8545e960a5d1c331eb51c3cd428209786846efda6a5e5736736858e53e25970,formal_catalog_entry,UI-011,,,formal_row_authoritative,True,True,False,False,UI-011,,,,,,V2.0,共享UI,UI-A,已检出,已确认冻结,,,,
UI-012,UI-012,ui,失败与快速恢复,GLOBAL,全局,共享UI,已确认冻结,PKG-UI-V2.0,星骸拾荒者_界面美术HOPA正式包_V2.0/05_总清单与封版说明/83项界面美术正式清单.csv,f8545e960a5d1c331eb51c3cd428209786846efda6a5e5736736858e53e25970,formal_catalog_entry,UI-012,,,formal_row_authoritative,True,True,False,False,UI-012,,,,,,V2.0,共享UI,UI-A,已检出,已确认冻结,,,,
UI-013,UI-013,ui,资源网络机制界面,G02,锈环星,机制UI,已确认冻结,PKG-UI-V2.0,星骸拾荒者_界面美术HOPA正式包_V2.0/05_总清单与封版说明/83项界面美术正式清单.csv,f8545e960a5d1c331eb51c3cd428209786846efda6a5e5736736858e53e25970,formal_catalog_entry,UI-013,,,formal_row_authoritative,True,True,False,False,UI-013,,,,,,V2.0,机制UI,UI-A,已检出,已确认冻结,,,,
UI-014,UI-014,ui,参数诊断机制界面,G02,锈环星,机制UI,已确认冻结,PKG-UI-V2.0,星骸拾荒者_界面美术HOPA正式包_V2.0/05_总清单与封版说明/83项界面美术正式清单.csv,f8545e960a5d1c331eb51c3cd428209786846efda6a5e5736736858e53e25970,formal_catalog_entry,UI-014,,,formal_row_authoritative,True,True,False,False,UI-014,,,,,,V2.0,机制UI,UI-A,已检出,已确认冻结,,,,
UI-015,UI-015,ui,路径调度机制界面,G02,锈环星,机制UI,已确认冻结,PKG-UI-V2.0,星骸拾荒者_界面美术HOPA正式包_V2.0/05_总清单与封版说明/83项界面美术正式清单.csv,f8545e960a5d1c331eb51c3cd428209786846efda6a5e5736736858e53e25970,formal_catalog_entry,UI-015,,,formal_row_authoritative,True,True,False,False,UI-015,,,,,,V2.0,机制UI,UI-A,已检出,已确认冻结,,,,
UI-016,UI-016,ui,真实需求表机制界面,G03,齿轮荒原,机制UI,已确认冻结,PKG-UI-V2.0,星骸拾荒者_界面美术HOPA正式包_V2.0/05_总清单与封版说明/83项界面美术正式清单.csv,f8545e960a5d1c331eb51c3cd428209786846efda6a5e5736736858e53e25970,formal_catalog_entry,UI-016,,,formal_row_authoritative,True,True,False,False,UI-016,,,,,,V2.0,机制UI,UI-A,已检出,已确认冻结,,,,
UI-017,UI-017,ui,订单欺骗机制界面,G03,齿轮荒原,机制UI,已确认冻结,PKG-UI-V2.0,星骸拾荒者_界面美术HOPA正式包_V2.0/05_总清单与封版说明/83项界面美术正式清单.csv,f8545e960a5d1c331eb51c3cd428209786846efda6a5e5736736858e53e25970,formal_catalog_entry,UI-017,,,formal_row_authoritative,True,True,False,False,UI-017,,,,,,V2.0,机制UI,UI-A,已检出,已确认冻结,,,,
UI-018,UI-018,ui,传送带逆行机制界面,G03,齿轮荒原,机制UI,已确认冻结,PKG-UI-V2.0,星骸拾荒者_界面美术HOPA正式包_V2.0/05_总清单与封版说明/83项界面美术正式清单.csv,f8545e960a5d1c331eb51c3cd428209786846efda6a5e5736736858e53e25970,formal_catalog_entry,UI-018,,,formal_row_authoritative,True,True,False,False,UI-018,,,,,,V2.0,机制UI,UI-A,已检出,已确认冻结,,,,
UI-019,UI-019,ui,公开分配会机制界面,G03,齿轮荒原,机制UI,已确认冻结,PKG-UI-V2.0,星骸拾荒者_界面美术HOPA正式包_V2.0/05_总清单与封版说明/83项界面美术正式清单.csv,f8545e960a5d1c331eb51c3cd428209786846efda6a5e5736736858e53e25970,formal_catalog_entry,UI-019,,,formal_row_authoritative,True,True,False,False,UI-019,,,,,,V2.0,机制UI,UI-A,已检出,已确认冻结,,,,
UI-020,UI-020,ui,现实/镜像双层坐标机制界面,G04,镜面沙海,机制UI,已确认冻结,PKG-UI-V2.0,星骸拾荒者_界面美术HOPA正式包_V2.0/05_总清单与封版说明/83项界面美术正式清单.csv,f8545e960a5d1c331eb51c3cd428209786846efda6a5e5736736858e53e25970,formal_catalog_entry,UI-020,,,formal_row_authoritative,True,True,False,False,UI-020,,,,,,V2.0,机制UI,UI-A,已检出,已确认冻结,,,,
UI-021,UI-021,ui,记忆耐久机制界面,G04,镜面沙海,机制UI,已确认冻结,PKG-UI-V2.0,星骸拾荒者_界面美术HOPA正式包_V2.0/05_总清单与封版说明/83项界面美术正式清单.csv,f8545e960a5d1c331eb51c3cd428209786846efda6a5e5736736858e53e25970,formal_catalog_entry,UI-021,,,formal_row_authoritative,True,True,False,False,UI-021,,,,,,V2.0,机制UI,UI-A,已检出,已确认冻结,,,,
UI-022,UI-022,ui,反向输入机关机制界面,G04,镜面沙海,机制UI,已确认冻结,PKG-UI-V2.0,星骸拾荒者_界面美术HOPA正式包_V2.0/05_总清单与封版说明/83项界面美术正式清单.csv,f8545e960a5d1c331eb51c3cd428209786846efda6a5e5736736858e53e25970,formal_catalog_entry,UI-022,,,formal_row_authoritative,True,True,False,False,UI-022,,,,,,V2.0,机制UI,UI-A,已检出,已确认冻结,,,,
UI-023,UI-023,ui,欺骗预测机制界面,G04,镜面沙海,机制UI,已确认冻结,PKG-UI-V2.0,星骸拾荒者_界面美术HOPA正式包_V2.0/05_总清单与封版说明/83项界面美术正式清单.csv,f8545e960a5d1c331eb51c3cd428209786846efda6a5e5736736858e53e25970,formal_catalog_entry,UI-023,,,formal_row_authoritative,True,True,False,False,UI-023,,,,,,V2.0,机制UI,UI-A,已检出,已确认冻结,,,,
UI-024,UI-024,ui,双高度校准机制界面,G05,刻度冰原,机制UI,已确认冻结,PKG-UI-V2.0,星骸拾荒者_界面美术HOPA正式包_V2.0/05_总清单与封版说明/83项界面美术正式清单.csv,f8545e960a5d1c331eb51c3cd428209786846efda6a5e5736736858e53e25970,formal_catalog_entry,UI-024,,,formal_row_authoritative,True,True,False,False,UI-024,,,,,,V2.0,机制UI,UI-B,已检出,已确认冻结,,,,
UI-025,UI-025,ui,量杯上涨机制界面,G05,刻度冰原,机制UI,已确认冻结,PKG-UI-V2.0,星骸拾荒者_界面美术HOPA正式包_V2.0/05_总清单与封版说明/83项界面美术正式清单.csv,f8545e960a5d1c331eb51c3cd428209786846efda6a5e5736736858e53e25970,formal_catalog_entry,UI-025,,,formal_row_authoritative,True,True,False,False,UI-025,,,,,,V2.0,机制UI,UI-B,已检出,已确认冻结,,,,
UI-026,UI-026,ui,误差带测量机制界面,G05,刻度冰原,机制UI,已确认冻结,PKG-UI-V2.0,星骸拾荒者_界面美术HOPA正式包_V2.0/05_总清单与封版说明/83项界面美术正式清单.csv,f8545e960a5d1c331eb51c3cd428209786846efda6a5e5736736858e53e25970,formal_catalog_entry,UI-026,,,formal_row_authoritative,True,True,False,False,UI-026,,,,,,V2.0,机制UI,UI-B,已检出,已确认冻结,,,,
UI-027,UI-027,ui,薄冰安全路线机制界面,G05,刻度冰原,机制UI,已确认冻结,PKG-UI-V2.0,星骸拾荒者_界面美术HOPA正式包_V2.0/05_总清单与封版说明/83项界面美术正式清单.csv,f8545e960a5d1c331eb51c3cd428209786846efda6a5e5736736858e53e25970,formal_catalog_entry,UI-027,,,formal_row_authoritative,True,True,False,False,UI-027,,,,,,V2.0,机制UI,UI-B,已检出,已确认冻结,,,,
UI-028,UI-028,ui,九片航线重组机制界面,G06,分片群岛,机制UI,已确认冻结,PKG-UI-V2.0,星骸拾荒者_界面美术HOPA正式包_V2.0/05_总清单与封版说明/83项界面美术正式清单.csv,f8545e960a5d1c331eb51c3cd428209786846efda6a5e5736736858e53e25970,formal_catalog_entry,UI-028,,,formal_row_authoritative,True,True,False,False,UI-028,,,,,,V2.0,机制UI,UI-B,已检出,已确认冻结,,,,
UI-029,UI-029,ui,缺口表归并机制界面,G06,分片群岛,机制UI,已确认冻结,PKG-UI-V2.0,星骸拾荒者_界面美术HOPA正式包_V2.0/05_总清单与封版说明/83项界面美术正式清单.csv,f8545e960a5d1c331eb51c3cd428209786846efda6a5e5736736858e53e25970,formal_catalog_entry,UI-029,,,formal_row_authoritative,True,True,False,False,UI-029,,,,,,V2.0,机制UI,UI-B,已检出,已确认冻结,,,,
UI-030,UI-030,ui,比例桥材切分机制界面,G06,分片群岛,机制UI,已确认冻结,PKG-UI-V2.0,星骸拾荒者_界面美术HOPA正式包_V2.0/05_总清单与封版说明/83项界面美术正式清单.csv,f8545e960a5d1c331eb51c3cd428209786846efda6a5e5736736858e53e25970,formal_catalog_entry,UI-030,,,formal_row_authoritative,True,True,False,False,UI-030,,,,,,V2.0,机制UI,UI-B,已检出,已确认冻结,,,,
UI-031,UI-031,ui,岛链能源配比机制界面,G06,分片群岛,机制UI,已确认冻结,PKG-UI-V2.0,星骸拾荒者_界面美术HOPA正式包_V2.0/05_总清单与封版说明/83项界面美术正式清单.csv,f8545e960a5d1c331eb51c3cd428209786846efda6a5e5736736858e53e25970,formal_catalog_entry,UI-031,,,formal_row_authoritative,True,True,False,False,UI-031,,,,,,V2.0,机制UI,UI-B,已检出,已确认冻结,,,,
UI-032,UI-032,ui,城门平移一格机制界面,G07,方格城,机制UI,已确认冻结,PKG-UI-V2.0,星骸拾荒者_界面美术HOPA正式包_V2.0/05_总清单与封版说明/83项界面美术正式清单.csv,f8545e960a5d1c331eb51c3cd428209786846efda6a5e5736736858e53e25970,formal_catalog_entry,UI-032,,,formal_row_authoritative,True,True,False,False,UI-032,,,,,,V2.0,机制UI,UI-B,已检出,已确认冻结,,,,
UI-033,UI-033,ui,最后一块空地机制界面,G07,方格城,机制UI,已确认冻结,PKG-UI-V2.0,星骸拾荒者_界面美术HOPA正式包_V2.0/05_总清单与封版说明/83项界面美术正式清单.csv,f8545e960a5d1c331eb51c3cd428209786846efda6a5e5736736858e53e25970,formal_catalog_entry,UI-033,,,formal_row_authoritative,True,True,False,False,UI-033,,,,,,V2.0,机制UI,UI-B,已检出,已确认冻结,,,,
UI-034,UI-034,ui,周长封锁线机制界面,G07,方格城,机制UI,已确认冻结,PKG-UI-V2.0,星骸拾荒者_界面美术HOPA正式包_V2.0/05_总清单与封版说明/83项界面美术正式清单.csv,f8545e960a5d1c331eb51c3cd428209786846efda6a5e5736736858e53e25970,formal_catalog_entry,UI-034,,,formal_row_authoritative,True,True,False,False,UI-034,,,,,,V2.0,机制UI,UI-B,已检出,已确认冻结,,,,
UI-035,UI-035,ui,三角支撑网机制界面,G07,方格城,机制UI,已确认冻结,PKG-UI-V2.0,星骸拾荒者_界面美术HOPA正式包_V2.0/05_总清单与封版说明/83项界面美术正式清单.csv,f8545e960a5d1c331eb51c3cd428209786846efda6a5e5736736858e53e25970,formal_catalog_entry,UI-035,,,formal_row_authoritative,True,True,False,False,UI-035,,,,,,V2.0,机制UI,UI-B,已检出,已确认冻结,,,,
UI-036,UI-036,ui,三钟同步机制界面,G08,钟摆之城,机制UI,已确认冻结,PKG-UI-V2.0,星骸拾荒者_界面美术HOPA正式包_V2.0/05_总清单与封版说明/83项界面美术正式清单.csv,f8545e960a5d1c331eb51c3cd428209786846efda6a5e5736736858e53e25970,formal_catalog_entry,UI-036,,,formal_row_authoritative,True,True,False,False,UI-036,,,,,,V2.0,机制UI,UI-C,已检出,已确认冻结,,,,
UI-037,UI-037,ui,窗口行动链机制界面,G08,钟摆之城,机制UI,已确认冻结,PKG-UI-V2.0,星骸拾荒者_界面美术HOPA正式包_V2.0/05_总清单与封版说明/83项界面美术正式清单.csv,f8545e960a5d1c331eb51c3cd428209786846efda6a5e5736736858e53e25970,formal_catalog_entry,UI-037,,,formal_row_authoritative,True,True,False,False,UI-037,,,,,,V2.0,机制UI,UI-C,已检出,已确认冻结,,,,
UI-038,UI-038,ui,循环日志保留机制界面,G08,钟摆之城,机制UI,已确认冻结,PKG-UI-V2.0,星骸拾荒者_界面美术HOPA正式包_V2.0/05_总清单与封版说明/83项界面美术正式清单.csv,f8545e960a5d1c331eb51c3cd428209786846efda6a5e5736736858e53e25970,formal_catalog_entry,UI-038,,,formal_row_authoritative,True,True,False,False,UI-038,,,,,,V2.0,机制UI,UI-C,已检出,已确认冻结,,,,
UI-039,UI-039,ui,相位门阵机制界面,G08,钟摆之城,机制UI,已确认冻结,PKG-UI-V2.0,星骸拾荒者_界面美术HOPA正式包_V2.0/05_总清单与封版说明/83项界面美术正式清单.csv,f8545e960a5d1c331eb51c3cd428209786846efda6a5e5736736858e53e25970,formal_catalog_entry,UI-039,,,formal_row_authoritative,True,True,False,False,UI-039,,,,,,V2.0,机制UI,UI-C,已检出,已确认冻结,,,,
UI-040,UI-040,ui,翻面坐标盘机制界面,G09,棋阵卫星,机制UI,已确认冻结,PKG-UI-V2.0,星骸拾荒者_界面美术HOPA正式包_V2.0/05_总清单与封版说明/83项界面美术正式清单.csv,f8545e960a5d1c331eb51c3cd428209786846efda6a5e5736736858e53e25970,formal_catalog_entry,UI-040,,,formal_row_authoritative,True,True,False,False,UI-040,,,,,,V2.0,机制UI,UI-C,已检出,已确认冻结,,,,
UI-041,UI-041,ui,棋子能力推演机制界面,G09,棋阵卫星,机制UI,已确认冻结,PKG-UI-V2.0,星骸拾荒者_界面美术HOPA正式包_V2.0/05_总清单与封版说明/83项界面美术正式清单.csv,f8545e960a5d1c331eb51c3cd428209786846efda6a5e5736736858e53e25970,formal_catalog_entry,UI-041,,,formal_row_authoritative,True,True,False,False,UI-041,,,,,,V2.0,机制UI,UI-C,已检出,已确认冻结,,,,
UI-042,UI-042,ui,真假规则链机制界面,G09,棋阵卫星,机制UI,已确认冻结,PKG-UI-V2.0,星骸拾荒者_界面美术HOPA正式包_V2.0/05_总清单与封版说明/83项界面美术正式清单.csv,f8545e960a5d1c331eb51c3cd428209786846efda6a5e5736736858e53e25970,formal_catalog_entry,UI-042,,,formal_row_authoritative,True,True,False,False,UI-042,,,,,,V2.0,机制UI,UI-C,已检出,已确认冻结,,,,
UI-043,UI-043,ui,双盘同步机制界面,G09,棋阵卫星,机制UI,已确认冻结,PKG-UI-V2.0,星骸拾荒者_界面美术HOPA正式包_V2.0/05_总清单与封版说明/83项界面美术正式清单.csv,f8545e960a5d1c331eb51c3cd428209786846efda6a5e5736736858e53e25970,formal_catalog_entry,UI-043,,,formal_row_authoritative,True,True,False,False,UI-043,,,,,,V2.0,机制UI,UI-C,已检出,已确认冻结,,,,
UI-044,UI-044,ui,风向样本墙机制界面,G10,概率云港,机制UI,已确认冻结,PKG-UI-V2.0,星骸拾荒者_界面美术HOPA正式包_V2.0/05_总清单与封版说明/83项界面美术正式清单.csv,f8545e960a5d1c331eb51c3cd428209786846efda6a5e5736736858e53e25970,formal_catalog_entry,UI-044,,,formal_row_authoritative,True,True,False,False,UI-044,,,,,,V2.0,机制UI,UI-C,已检出,已确认冻结,,,,
UI-045,UI-045,ui,货箱抽样调查机制界面,G10,概率云港,机制UI,已确认冻结,PKG-UI-V2.0,星骸拾荒者_界面美术HOPA正式包_V2.0/05_总清单与封版说明/83项界面美术正式清单.csv,f8545e960a5d1c331eb51c3cd428209786846efda6a5e5736736858e53e25970,formal_catalog_entry,UI-045,,,formal_row_authoritative,True,True,False,False,UI-045,,,,,,V2.0,机制UI,UI-C,已检出,已确认冻结,,,,
UI-046,UI-046,ui,概率门阵机制界面,G10,概率云港,机制UI,已确认冻结,PKG-UI-V2.0,星骸拾荒者_界面美术HOPA正式包_V2.0/05_总清单与封版说明/83项界面美术正式清单.csv,f8545e960a5d1c331eb51c3cd428209786846efda6a5e5736736858e53e25970,formal_catalog_entry,UI-046,,,formal_row_authoritative,True,True,False,False,UI-046,,,,,,V2.0,机制UI,UI-C,已检出,已确认冻结,,,,
UI-047,UI-047,ui,天气决策板机制界面,G10,概率云港,机制UI,已确认冻结,PKG-UI-V2.0,星骸拾荒者_界面美术HOPA正式包_V2.0/05_总清单与封版说明/83项界面美术正式清单.csv,f8545e960a5d1c331eb51c3cd428209786846efda6a5e5736736858e53e25970,formal_catalog_entry,UI-047,,,formal_row_authoritative,True,True,False,False,UI-047,,,,,,V2.0,机制UI,UI-C,已检出,已确认冻结,,,,
UI-048,UI-048,ui,三视图装配机制界面,G11,立体工厂,机制UI,已确认冻结,PKG-UI-V2.0,星骸拾荒者_界面美术HOPA正式包_V2.0/05_总清单与封版说明/83项界面美术正式清单.csv,f8545e960a5d1c331eb51c3cd428209786846efda6a5e5736736858e53e25970,formal_catalog_entry,UI-048,,,formal_row_authoritative,True,True,False,False,UI-048,,,,,,V2.0,机制UI,UI-D,已检出,已确认冻结,,,,
UI-049,UI-049,ui,空间装箱线机制界面,G11,立体工厂,机制UI,已确认冻结,PKG-UI-V2.0,星骸拾荒者_界面美术HOPA正式包_V2.0/05_总清单与封版说明/83项界面美术正式清单.csv,f8545e960a5d1c331eb51c3cd428209786846efda6a5e5736736858e53e25970,formal_catalog_entry,UI-049,,,formal_row_authoritative,True,True,False,False,UI-049,,,,,,V2.0,机制UI,UI-D,已检出,已确认冻结,,,,
UI-050,UI-050,ui,受力分散阵机制界面,G11,立体工厂,机制UI,已确认冻结,PKG-UI-V2.0,星骸拾荒者_界面美术HOPA正式包_V2.0/05_总清单与封版说明/83项界面美术正式清单.csv,f8545e960a5d1c331eb51c3cd428209786846efda6a5e5736736858e53e25970,formal_catalog_entry,UI-050,,,formal_row_authoritative,True,True,False,False,UI-050,,,,,,V2.0,机制UI,UI-D,已检出,已确认冻结,,,,
UI-051,UI-051,ui,关节避障序列机制界面,G11,立体工厂,机制UI,已确认冻结,PKG-UI-V2.0,星骸拾荒者_界面美术HOPA正式包_V2.0/05_总清单与封版说明/83项界面美术正式清单.csv,f8545e960a5d1c331eb51c3cd428209786846efda6a5e5736736858e53e25970,formal_catalog_entry,UI-051,,,formal_row_authoritative,True,True,False,False,UI-051,,,,,,V2.0,机制UI,UI-D,已检出,已确认冻结,,,,
UI-052,UI-052,ui,多工序依赖网机制界面,G12,百工星环,机制UI,已确认冻结,PKG-UI-V2.0,星骸拾荒者_界面美术HOPA正式包_V2.0/05_总清单与封版说明/83项界面美术正式清单.csv,f8545e960a5d1c331eb51c3cd428209786846efda6a5e5736736858e53e25970,formal_catalog_entry,UI-052,,,formal_row_authoritative,True,True,False,False,UI-052,,,,,,V2.0,机制UI,UI-D,已检出,已确认冻结,,,,
UI-053,UI-053,ui,跨接口接驳机制界面,G12,百工星环,机制UI,已确认冻结,PKG-UI-V2.0,星骸拾荒者_界面美术HOPA正式包_V2.0/05_总清单与封版说明/83项界面美术正式清单.csv,f8545e960a5d1c331eb51c3cd428209786846efda6a5e5736736858e53e25970,formal_catalog_entry,UI-053,,,formal_row_authoritative,True,True,False,False,UI-053,,,,,,V2.0,机制UI,UI-D,已检出,已确认冻结,,,,
UI-054,UI-054,ui,风暴姿态稳定机制界面,G12,百工星环,机制UI,已确认冻结,PKG-UI-V2.0,星骸拾荒者_界面美术HOPA正式包_V2.0/05_总清单与封版说明/83项界面美术正式清单.csv,f8545e960a5d1c331eb51c3cd428209786846efda6a5e5736736858e53e25970,formal_catalog_entry,UI-054,,,formal_row_authoritative,True,True,False,False,UI-054,,,,,,V2.0,机制UI,UI-D,已检出,已确认冻结,,,,
UI-055,UI-055,ui,质量复核闭环机制界面,G12,百工星环,机制UI,已确认冻结,PKG-UI-V2.0,星骸拾荒者_界面美术HOPA正式包_V2.0/05_总清单与封版说明/83项界面美术正式清单.csv,f8545e960a5d1c331eb51c3cd428209786846efda6a5e5736736858e53e25970,formal_catalog_entry,UI-055,,,formal_row_authoritative,True,True,False,False,UI-055,,,,,,V2.0,机制UI,UI-D,已检出,已确认冻结,,,,
UI-056,UI-056,ui,十二星数据闭环机制界面,G13,零号地球,机制UI,已确认冻结,PKG-UI-V2.0,星骸拾荒者_界面美术HOPA正式包_V2.0/05_总清单与封版说明/83项界面美术正式清单.csv,f8545e960a5d1c331eb51c3cd428209786846efda6a5e5736736858e53e25970,formal_catalog_entry,UI-056,,,formal_row_authoritative,True,True,False,False,UI-056,,,,,,V2.0,机制UI,UI-D,已检出,已确认冻结,,,,
UI-057,UI-057,ui,文明样本唤醒机制界面,G13,零号地球,机制UI,已确认冻结,PKG-UI-V2.0,星骸拾荒者_界面美术HOPA正式包_V2.0/05_总清单与封版说明/83项界面美术正式清单.csv,f8545e960a5d1c331eb51c3cd428209786846efda6a5e5736736858e53e25970,formal_catalog_entry,UI-057,,,formal_row_authoritative,True,True,False,False,UI-057,,,,,,V2.0,机制UI,UI-D,已检出,已确认冻结,,,,
UI-058,UI-058,ui,历史真相拼合机制界面,G13,零号地球,机制UI,已确认冻结,PKG-UI-V2.0,星骸拾荒者_界面美术HOPA正式包_V2.0/05_总清单与封版说明/83项界面美术正式清单.csv,f8545e960a5d1c331eb51c3cd428209786846efda6a5e5736736858e53e25970,formal_catalog_entry,UI-058,,,formal_row_authoritative,True,True,False,False,UI-058,,,,,,V2.0,机制UI,UI-D,已检出,已确认冻结,,,,
UI-059,UI-059,ui,最终手动维修机制界面,G13,零号地球,机制UI,已确认冻结,PKG-UI-V2.0,星骸拾荒者_界面美术HOPA正式包_V2.0/05_总清单与封版说明/83项界面美术正式清单.csv,f8545e960a5d1c331eb51c3cd428209786846efda6a5e5736736858e53e25970,formal_catalog_entry,UI-059,,,formal_row_authoritative,True,True,False,False,UI-059,,,,,,V2.0,机制UI,UI-D,已检出,已确认冻结,,,,
UI-060,UI-060,ui,管理员对话/权限解除界面,G02,锈环星,章节管理员UI,已确认冻结,PKG-UI-V2.0,星骸拾荒者_界面美术HOPA正式包_V2.0/05_总清单与封版说明/83项界面美术正式清单.csv,f8545e960a5d1c331eb51c3cd428209786846efda6a5e5736736858e53e25970,formal_catalog_entry,UI-060,,,formal_row_authoritative,True,True,False,False,UI-060,,,,,,V2.0,章节管理员UI,UI-A,已检出,已确认冻结,,,,
UI-061,UI-061,ui,世界改变/学习结算,G02,锈环星,章节结算UI,已确认冻结,PKG-UI-V2.0,星骸拾荒者_界面美术HOPA正式包_V2.0/05_总清单与封版说明/83项界面美术正式清单.csv,f8545e960a5d1c331eb51c3cd428209786846efda6a5e5736736858e53e25970,formal_catalog_entry,UI-061,,,formal_row_authoritative,True,True,False,False,UI-061,,,,,,V2.0,章节结算UI,UI-A,已检出,已确认冻结,,,,
UI-062,UI-062,ui,管理员对话/权限解除界面,G03,齿轮荒原,章节管理员UI,已确认冻结,PKG-UI-V2.0,星骸拾荒者_界面美术HOPA正式包_V2.0/05_总清单与封版说明/83项界面美术正式清单.csv,f8545e960a5d1c331eb51c3cd428209786846efda6a5e5736736858e53e25970,formal_catalog_entry,UI-062,,,formal_row_authoritative,True,True,False,False,UI-062,,,,,,V2.0,章节管理员UI,UI-A,已检出,已确认冻结,,,,
UI-063,UI-063,ui,世界改变/学习结算,G03,齿轮荒原,章节结算UI,已确认冻结,PKG-UI-V2.0,星骸拾荒者_界面美术HOPA正式包_V2.0/05_总清单与封版说明/83项界面美术正式清单.csv,f8545e960a5d1c331eb51c3cd428209786846efda6a5e5736736858e53e25970,formal_catalog_entry,UI-063,,,formal_row_authoritative,True,True,False,False,UI-063,,,,,,V2.0,章节结算UI,UI-A,已检出,已确认冻结,,,,
UI-064,UI-064,ui,管理员对话/权限解除界面,G04,镜面沙海,章节管理员UI,已确认冻结,PKG-UI-V2.0,星骸拾荒者_界面美术HOPA正式包_V2.0/05_总清单与封版说明/83项界面美术正式清单.csv,f8545e960a5d1c331eb51c3cd428209786846efda6a5e5736736858e53e25970,formal_catalog_entry,UI-064,,,formal_row_authoritative,True,True,False,False,UI-064,,,,,,V2.0,章节管理员UI,UI-A,已检出,已确认冻结,,,,
UI-065,UI-065,ui,世界改变/学习结算,G04,镜面沙海,章节结算UI,已确认冻结,PKG-UI-V2.0,星骸拾荒者_界面美术HOPA正式包_V2.0/05_总清单与封版说明/83项界面美术正式清单.csv,f8545e960a5d1c331eb51c3cd428209786846efda6a5e5736736858e53e25970,formal_catalog_entry,UI-065,,,formal_row_authoritative,True,True,False,False,UI-065,,,,,,V2.0,章节结算UI,UI-A,已检出,已确认冻结,,,,
UI-066,UI-066,ui,管理员对话/权限解除界面,G05,刻度冰原,章节管理员UI,已确认冻结,PKG-UI-V2.0,星骸拾荒者_界面美术HOPA正式包_V2.0/05_总清单与封版说明/83项界面美术正式清单.csv,f8545e960a5d1c331eb51c3cd428209786846efda6a5e5736736858e53e25970,formal_catalog_entry,UI-066,,,formal_row_authoritative,True,True,False,False,UI-066,,,,,,V2.0,章节管理员UI,UI-B,已检出,已确认冻结,,,,
UI-067,UI-067,ui,世界改变/学习结算,G05,刻度冰原,章节结算UI,已确认冻结,PKG-UI-V2.0,星骸拾荒者_界面美术HOPA正式包_V2.0/05_总清单与封版说明/83项界面美术正式清单.csv,f8545e960a5d1c331eb51c3cd428209786846efda6a5e5736736858e53e25970,formal_catalog_entry,UI-067,,,formal_row_authoritative,True,True,False,False,UI-067,,,,,,V2.0,章节结算UI,UI-B,已检出,已确认冻结,,,,
UI-068,UI-068,ui,管理员对话/权限解除界面,G06,分片群岛,章节管理员UI,已确认冻结,PKG-UI-V2.0,星骸拾荒者_界面美术HOPA正式包_V2.0/05_总清单与封版说明/83项界面美术正式清单.csv,f8545e960a5d1c331eb51c3cd428209786846efda6a5e5736736858e53e25970,formal_catalog_entry,UI-068,,,formal_row_authoritative,True,True,False,False,UI-068,,,,,,V2.0,章节管理员UI,UI-B,已检出,已确认冻结,,,,
UI-069,UI-069,ui,世界改变/学习结算,G06,分片群岛,章节结算UI,已确认冻结,PKG-UI-V2.0,星骸拾荒者_界面美术HOPA正式包_V2.0/05_总清单与封版说明/83项界面美术正式清单.csv,f8545e960a5d1c331eb51c3cd428209786846efda6a5e5736736858e53e25970,formal_catalog_entry,UI-069,,,formal_row_authoritative,True,True,False,False,UI-069,,,,,,V2.0,章节结算UI,UI-B,已检出,已确认冻结,,,,
UI-070,UI-070,ui,管理员对话/权限解除界面,G07,方格城,章节管理员UI,已确认冻结,PKG-UI-V2.0,星骸拾荒者_界面美术HOPA正式包_V2.0/05_总清单与封版说明/83项界面美术正式清单.csv,f8545e960a5d1c331eb51c3cd428209786846efda6a5e5736736858e53e25970,formal_catalog_entry,UI-070,,,formal_row_authoritative,True,True,False,False,UI-070,,,,,,V2.0,章节管理员UI,UI-B,已检出,已确认冻结,,,,
UI-071,UI-071,ui,世界改变/学习结算,G07,方格城,章节结算UI,已确认冻结,PKG-UI-V2.0,星骸拾荒者_界面美术HOPA正式包_V2.0/05_总清单与封版说明/83项界面美术正式清单.csv,f8545e960a5d1c331eb51c3cd428209786846efda6a5e5736736858e53e25970,formal_catalog_entry,UI-071,,,formal_row_authoritative,True,True,False,False,UI-071,,,,,,V2.0,章节结算UI,UI-B,已检出,已确认冻结,,,,
UI-072,UI-072,ui,管理员对话/权限解除界面,G08,钟摆之城,章节管理员UI,已确认冻结,PKG-UI-V2.0,星骸拾荒者_界面美术HOPA正式包_V2.0/05_总清单与封版说明/83项界面美术正式清单.csv,f8545e960a5d1c331eb51c3cd428209786846efda6a5e5736736858e53e25970,formal_catalog_entry,UI-072,,,formal_row_authoritative,True,True,False,False,UI-072,,,,,,V2.0,章节管理员UI,UI-C,已检出,已确认冻结,,,,
UI-073,UI-073,ui,世界改变/学习结算,G08,钟摆之城,章节结算UI,已确认冻结,PKG-UI-V2.0,星骸拾荒者_界面美术HOPA正式包_V2.0/05_总清单与封版说明/83项界面美术正式清单.csv,f8545e960a5d1c331eb51c3cd428209786846efda6a5e5736736858e53e25970,formal_catalog_entry,UI-073,,,formal_row_authoritative,True,True,False,False,UI-073,,,,,,V2.0,章节结算UI,UI-C,已检出,已确认冻结,,,,
UI-074,UI-074,ui,管理员对话/权限解除界面,G09,棋阵卫星,章节管理员UI,已确认冻结,PKG-UI-V2.0,星骸拾荒者_界面美术HOPA正式包_V2.0/05_总清单与封版说明/83项界面美术正式清单.csv,f8545e960a5d1c331eb51c3cd428209786846efda6a5e5736736858e53e25970,formal_catalog_entry,UI-074,,,formal_row_authoritative,True,True,False,False,UI-074,,,,,,V2.0,章节管理员UI,UI-C,已检出,已确认冻结,,,,
UI-075,UI-075,ui,世界改变/学习结算,G09,棋阵卫星,章节结算UI,已确认冻结,PKG-UI-V2.0,星骸拾荒者_界面美术HOPA正式包_V2.0/05_总清单与封版说明/83项界面美术正式清单.csv,f8545e960a5d1c331eb51c3cd428209786846efda6a5e5736736858e53e25970,formal_catalog_entry,UI-075,,,formal_row_authoritative,True,True,False,False,UI-075,,,,,,V2.0,章节结算UI,UI-C,已检出,已确认冻结,,,,
UI-076,UI-076,ui,管理员对话/权限解除界面,G10,概率云港,章节管理员UI,已确认冻结,PKG-UI-V2.0,星骸拾荒者_界面美术HOPA正式包_V2.0/05_总清单与封版说明/83项界面美术正式清单.csv,f8545e960a5d1c331eb51c3cd428209786846efda6a5e5736736858e53e25970,formal_catalog_entry,UI-076,,,formal_row_authoritative,True,True,False,False,UI-076,,,,,,V2.0,章节管理员UI,UI-C,已检出,已确认冻结,,,,
UI-077,UI-077,ui,世界改变/学习结算,G10,概率云港,章节结算UI,已确认冻结,PKG-UI-V2.0,星骸拾荒者_界面美术HOPA正式包_V2.0/05_总清单与封版说明/83项界面美术正式清单.csv,f8545e960a5d1c331eb51c3cd428209786846efda6a5e5736736858e53e25970,formal_catalog_entry,UI-077,,,formal_row_authoritative,True,True,False,False,UI-077,,,,,,V2.0,章节结算UI,UI-C,已检出,已确认冻结,,,,
UI-078,UI-078,ui,管理员对话/权限解除界面,G11,立体工厂,章节管理员UI,已确认冻结,PKG-UI-V2.0,星骸拾荒者_界面美术HOPA正式包_V2.0/05_总清单与封版说明/83项界面美术正式清单.csv,f8545e960a5d1c331eb51c3cd428209786846efda6a5e5736736858e53e25970,formal_catalog_entry,UI-078,,,formal_row_authoritative,True,True,False,False,UI-078,,,,,,V2.0,章节管理员UI,UI-D,已检出,已确认冻结,,,,
UI-079,UI-079,ui,世界改变/学习结算,G11,立体工厂,章节结算UI,已确认冻结,PKG-UI-V2.0,星骸拾荒者_界面美术HOPA正式包_V2.0/05_总清单与封版说明/83项界面美术正式清单.csv,f8545e960a5d1c331eb51c3cd428209786846efda6a5e5736736858e53e25970,formal_catalog_entry,UI-079,,,formal_row_authoritative,True,True,False,False,UI-079,,,,,,V2.0,章节结算UI,UI-D,已检出,已确认冻结,,,,
UI-080,UI-080,ui,管理员对话/权限解除界面,G12,百工星环,章节管理员UI,已确认冻结,PKG-UI-V2.0,星骸拾荒者_界面美术HOPA正式包_V2.0/05_总清单与封版说明/83项界面美术正式清单.csv,f8545e960a5d1c331eb51c3cd428209786846efda6a5e5736736858e53e25970,formal_catalog_entry,UI-080,,,formal_row_authoritative,True,True,False,False,UI-080,,,,,,V2.0,章节管理员UI,UI-D,已检出,已确认冻结,,,,
UI-081,UI-081,ui,世界改变/学习结算,G12,百工星环,章节结算UI,已确认冻结,PKG-UI-V2.0,星骸拾荒者_界面美术HOPA正式包_V2.0/05_总清单与封版说明/83项界面美术正式清单.csv,f8545e960a5d1c331eb51c3cd428209786846efda6a5e5736736858e53e25970,formal_catalog_entry,UI-081,,,formal_row_authoritative,True,True,False,False,UI-081,,,,,,V2.0,章节结算UI,UI-D,已检出,已确认冻结,,,,
UI-082,UI-082,ui,管理员对话/权限解除界面,G13,零号地球,章节管理员UI,已确认冻结,PKG-UI-V2.0,星骸拾荒者_界面美术HOPA正式包_V2.0/05_总清单与封版说明/83项界面美术正式清单.csv,f8545e960a5d1c331eb51c3cd428209786846efda6a5e5736736858e53e25970,formal_catalog_entry,UI-082,,,formal_row_authoritative,True,True,False,False,UI-082,,,,,,V2.0,章节管理员UI,UI-D,已检出,已确认冻结,,,,
UI-083,UI-083,ui,世界改变/学习结算与结局,G13,零号地球,章节结算UI,已确认冻结,PKG-UI-V2.0,星骸拾荒者_界面美术HOPA正式包_V2.0/05_总清单与封版说明/83项界面美术正式清单.csv,f8545e960a5d1c331eb51c3cd428209786846efda6a5e5736736858e53e25970,formal_catalog_entry,UI-083,,,formal_row_authoritative,True,True,False,False,UI-083,,,,,,V2.0,章节结算UI,UI-D,已检出,已确认冻结,,,,
FX-001,FX-001,fx,星宇,GLOBAL,核心角色,,已确认冻结,PKG-FX-V2.0,星骸拾荒者_技能与装备效果HOPA正式包_V2.0/05_总清单与封版说明/41项技能与装备效果正式清单.csv,2b425fbc769b19f166c51aec5f83307ac3c2f617a29b23277d22d048b90b0fc0,formal_catalog_entry,FX-001,,,formal_row_authoritative,True,True,False,False,FX-001,,,星骸拾荒者_技能与装备效果HOPA正式包_V2.0/01_FX-A核心能力/FX-A_六项核心能力HOPA交互效果设计/FX-001_星宇_瞬移_HOPA交互流程.png,,,V2.0,,,,,瞬移,,,
FX-002,FX-002,fx,星宇,GLOBAL,核心角色,,已确认冻结,PKG-FX-V2.0,星骸拾荒者_技能与装备效果HOPA正式包_V2.0/05_总清单与封版说明/41项技能与装备效果正式清单.csv,2b425fbc769b19f166c51aec5f83307ac3c2f617a29b23277d22d048b90b0fc0,formal_catalog_entry,FX-002,,,formal_row_authoritative,True,True,False,False,FX-002,,,星骸拾荒者_技能与装备效果HOPA正式包_V2.0/01_FX-A核心能力/FX-A_六项核心能力HOPA交互效果设计/FX-002_星宇_缩小_HOPA交互流程.png,,,V2.0,,,,,缩小,,,
FX-003,FX-003,fx,星宇,GLOBAL,核心角色,,已确认冻结,PKG-FX-V2.0,星骸拾荒者_技能与装备效果HOPA正式包_V2.0/05_总清单与封版说明/41项技能与装备效果正式清单.csv,2b425fbc769b19f166c51aec5f83307ac3c2f617a29b23277d22d048b90b0fc0,formal_catalog_entry,FX-003,,,formal_row_authoritative,True,True,False,False,FX-003,,,星骸拾荒者_技能与装备效果HOPA正式包_V2.0/01_FX-A核心能力/FX-A_六项核心能力HOPA交互效果设计/FX-003_星宇_复制体_HOPA交互流程.png,,,V2.0,,,,,复制体,,,
FX-004,FX-004,fx,七码,GLOBAL,核心角色,,已确认冻结,PKG-FX-V2.0,星骸拾荒者_技能与装备效果HOPA正式包_V2.0/05_总清单与封版说明/41项技能与装备效果正式清单.csv,2b425fbc769b19f166c51aec5f83307ac3c2f617a29b23277d22d048b90b0fc0,formal_catalog_entry,FX-004,,,formal_row_authoritative,True,True,False,False,FX-004,,,星骸拾荒者_技能与装备效果HOPA正式包_V2.0/01_FX-A核心能力/FX-A_六项核心能力HOPA交互效果设计/FX-004_七码_搜寻_HOPA交互流程.png,,,V2.0,,,,,搜寻,,,
FX-005,FX-005,fx,七码,GLOBAL,核心角色,,已确认冻结,PKG-FX-V2.0,星骸拾荒者_技能与装备效果HOPA正式包_V2.0/05_总清单与封版说明/41项技能与装备效果正式清单.csv,2b425fbc769b19f166c51aec5f83307ac3c2f617a29b23277d22d048b90b0fc0,formal_catalog_entry,FX-005,,,formal_row_authoritative,True,True,False,False,FX-005,,,星骸拾荒者_技能与装备效果HOPA正式包_V2.0/01_FX-A核心能力/FX-A_六项核心能力HOPA交互效果设计/FX-005_七码_分析_HOPA交互流程.png,,,V2.0,,,,,分析,,,
FX-006,FX-006,fx,七码,GLOBAL,核心角色,,已确认冻结,PKG-FX-V2.0,星骸拾荒者_技能与装备效果HOPA正式包_V2.0/05_总清单与封版说明/41项技能与装备效果正式清单.csv,2b425fbc769b19f166c51aec5f83307ac3c2f617a29b23277d22d048b90b0fc0,formal_catalog_entry,FX-006,,,formal_row_authoritative,True,True,False,False,FX-006,,,星骸拾荒者_技能与装备效果HOPA正式包_V2.0/01_FX-A核心能力/FX-A_六项核心能力HOPA交互效果设计/FX-006_七码_寻路_HOPA交互流程.png,,,V2.0,,,,,寻路,,,
FX-007,FX-007,fx,磁力手套,G02,G02 锈环星,,已确认冻结,PKG-FX-V2.0,星骸拾荒者_技能与装备效果HOPA正式包_V2.0/05_总清单与封版说明/41项技能与装备效果正式清单.csv,2b425fbc769b19f166c51aec5f83307ac3c2f617a29b23277d22d048b90b0fc0,formal_catalog_entry,FX-007,,,formal_row_authoritative,True,True,False,False,FX-007,,,星骸拾荒者_技能与装备效果HOPA正式包_V2.0/02_FX-B_G02-G05/FX-B装备效果设计_总览.png,,,V2.0,,,,,磁力吸附与极性切换,,,
FX-008,FX-008,fx,均分齿轮背包,G03,G03 齿轮荒原,,已确认冻结,PKG-FX-V2.0,星骸拾荒者_技能与装备效果HOPA正式包_V2.0/05_总清单与封版说明/41项技能与装备效果正式清单.csv,2b425fbc769b19f166c51aec5f83307ac3c2f617a29b23277d22d048b90b0fc0,formal_catalog_entry,FX-008,,,formal_row_authoritative,True,True,False,False,FX-008,,,星骸拾荒者_技能与装备效果HOPA正式包_V2.0/02_FX-B_G02-G05/FX-B装备效果设计_总览.png,,,V2.0,,,,,多舱负载均分,,,
FX-009,FX-009,fx,订单伪写器,G03,G03 齿轮荒原,,已确认冻结,PKG-FX-V2.0,星骸拾荒者_技能与装备效果HOPA正式包_V2.0/05_总清单与封版说明/41项技能与装备效果正式清单.csv,2b425fbc769b19f166c51aec5f83307ac3c2f617a29b23277d22d048b90b0fc0,formal_catalog_entry,FX-009,,,formal_row_authoritative,True,True,False,False,FX-009,,,星骸拾荒者_技能与装备效果HOPA正式包_V2.0/02_FX-B_G02-G05/FX-B装备效果设计_总览.png,,,V2.0,,,,,原始记录与改写层辨伪,,,
FX-010,FX-010,fx,干扰需求环,G03,G03 齿轮荒原,,已确认冻结,PKG-FX-V2.0,星骸拾荒者_技能与装备效果HOPA正式包_V2.0/05_总清单与封版说明/41项技能与装备效果正式清单.csv,2b425fbc769b19f166c51aec5f83307ac3c2f617a29b23277d22d048b90b0fc0,formal_catalog_entry,FX-010,,,formal_row_authoritative,True,True,False,False,FX-010,,,星骸拾荒者_技能与装备效果HOPA正式包_V2.0/02_FX-B_G02-G05/FX-B装备效果设计_总览.png,,,V2.0,,,,,虚假需求广播隔离,,,
FX-011,FX-011,fx,棱镜扫描镜,G04,G04 镜面沙海,,已确认冻结,PKG-FX-V2.0,星骸拾荒者_技能与装备效果HOPA正式包_V2.0/05_总清单与封版说明/41项技能与装备效果正式清单.csv,2b425fbc769b19f166c51aec5f83307ac3c2f617a29b23277d22d048b90b0fc0,formal_catalog_entry,FX-011,,,formal_row_authoritative,True,True,False,False,FX-011,,,星骸拾荒者_技能与装备效果HOPA正式包_V2.0/02_FX-B_G02-G05/FX-B装备效果设计_总览.png,,,V2.0,,,,,真实、倒影与折射三层分离,,,
FX-012,FX-012,fx,镜像披风,G04,G04 镜面沙海,,已确认冻结,PKG-FX-V2.0,星骸拾荒者_技能与装备效果HOPA正式包_V2.0/05_总清单与封版说明/41项技能与装备效果正式清单.csv,2b425fbc769b19f166c51aec5f83307ac3c2f617a29b23277d22d048b90b0fc0,formal_catalog_entry,FX-012,,,formal_row_authoritative,True,True,False,False,FX-012,,,星骸拾荒者_技能与装备效果HOPA正式包_V2.0/02_FX-B_G02-G05/FX-B装备效果设计_总览.png,,,V2.0,,,,,反射路径转向与隐藏区域显现,,,
FX-013,FX-013,fx,记忆铆钉,G04,G04 镜面沙海,,已确认冻结,PKG-FX-V2.0,星骸拾荒者_技能与装备效果HOPA正式包_V2.0/05_总清单与封版说明/41项技能与装备效果正式清单.csv,2b425fbc769b19f166c51aec5f83307ac3c2f617a29b23277d22d048b90b0fc0,formal_catalog_entry,FX-013,,,formal_row_authoritative,True,True,False,False,FX-013,,,星骸拾荒者_技能与装备效果HOPA正式包_V2.0/02_FX-B_G02-G05/FX-B装备效果设计_总览.png,,,V2.0,,,,,证据固定与跨场景记忆保存,,,
FX-014,FX-014,fx,激光卷尺,G05,G05 刻度冰原,,已确认冻结,PKG-FX-V2.0,星骸拾荒者_技能与装备效果HOPA正式包_V2.0/05_总清单与封版说明/41项技能与装备效果正式清单.csv,2b425fbc769b19f166c51aec5f83307ac3c2f617a29b23277d22d048b90b0fc0,formal_catalog_entry,FX-014,,,formal_row_authoritative,True,True,False,False,FX-014,,,星骸拾荒者_技能与装备效果HOPA正式包_V2.0/02_FX-B_G02-G05/FX-B装备效果设计_总览.png,,,V2.0,,,,,端点选择、单位判断与误差测量,,,
FX-015,FX-015,fx,冰面抓地靴,G05,G05 刻度冰原,,已确认冻结,PKG-FX-V2.0,星骸拾荒者_技能与装备效果HOPA正式包_V2.0/05_总清单与封版说明/41项技能与装备效果正式清单.csv,2b425fbc769b19f166c51aec5f83307ac3c2f617a29b23277d22d048b90b0fc0,formal_catalog_entry,FX-015,,,formal_row_authoritative,True,True,False,False,FX-015,,,星骸拾荒者_技能与装备效果HOPA正式包_V2.0/02_FX-B_G02-G05/FX-B装备效果设计_总览.png,,,V2.0,,,,,压力分配与安全路线,,,
FX-016,FX-016,fx,伸缩桥轨,G05,G05 刻度冰原,,已确认冻结,PKG-FX-V2.0,星骸拾荒者_技能与装备效果HOPA正式包_V2.0/05_总清单与封版说明/41项技能与装备效果正式清单.csv,2b425fbc769b19f166c51aec5f83307ac3c2f617a29b23277d22d048b90b0fc0,formal_catalog_entry,FX-016,,,formal_row_authoritative,True,True,False,False,FX-016,,,星骸拾荒者_技能与装备效果HOPA正式包_V2.0/02_FX-B_G02-G05/FX-B装备效果设计_总览.png,,,V2.0,,,,,长度匹配、桥节装配与锁定,,,
FX-017,FX-017,fx,分数切割器,G06,G06 分片群岛,,已确认冻结,PKG-FX-V2.0,星骸拾荒者_技能与装备效果HOPA正式包_V2.0/05_总清单与封版说明/41项技能与装备效果正式清单.csv,2b425fbc769b19f166c51aec5f83307ac3c2f617a29b23277d22d048b90b0fc0,formal_catalog_entry,FX-017,,,formal_row_authoritative,True,True,False,False,FX-017,,,星骸拾荒者_技能与装备效果HOPA正式包_V2.0/03_FX-C_G06-G09/01_FX-C详细视觉设计板/FX-017_分数切割器_HOPA装备效果设计板.png,,,V2.0,,,,,比例刻度切分与余料追踪,,,
FX-018,FX-018,fx,能源调配罐,G06,G06 分片群岛,,已确认冻结,PKG-FX-V2.0,星骸拾荒者_技能与装备效果HOPA正式包_V2.0/05_总清单与封版说明/41项技能与装备效果正式清单.csv,2b425fbc769b19f166c51aec5f83307ac3c2f617a29b23277d22d048b90b0fc0,formal_catalog_entry,FX-018,,,formal_row_authoritative,True,True,False,False,FX-018,,,星骸拾荒者_技能与装备效果HOPA正式包_V2.0/03_FX-C_G06-G09/01_FX-C详细视觉设计板/FX-018_能源调配罐_HOPA装备效果设计板.png,,,V2.0,,,,,多仓比例注入与安全余量,,,
FX-019,FX-019,fx,拼片护甲,G06,G06 分片群岛,,已确认冻结,PKG-FX-V2.0,星骸拾荒者_技能与装备效果HOPA正式包_V2.0/05_总清单与封版说明/41项技能与装备效果正式清单.csv,2b425fbc769b19f166c51aec5f83307ac3c2f617a29b23277d22d048b90b0fc0,formal_catalog_entry,FX-019,,,formal_row_authoritative,True,True,False,False,FX-019,,,星骸拾荒者_技能与装备效果HOPA正式包_V2.0/03_FX-C_G06-G09/01_FX-C详细视觉设计板/FX-019_拼片护甲_HOPA装备效果设计板.png,,,V2.0,,,,,风险区域识别与护片重组,,,
FX-020,FX-020,fx,方格建造器,G07,G07 方格城,,已确认冻结,PKG-FX-V2.0,星骸拾荒者_技能与装备效果HOPA正式包_V2.0/05_总清单与封版说明/41项技能与装备效果正式清单.csv,2b425fbc769b19f166c51aec5f83307ac3c2f617a29b23277d22d048b90b0fc0,formal_catalog_entry,FX-020,,,formal_row_authoritative,True,True,False,False,FX-020,,,星骸拾荒者_技能与装备效果HOPA正式包_V2.0/03_FX-C_G06-G09/01_FX-C详细视觉设计板/FX-020_方格建造器_HOPA装备效果设计板.png,,,V2.0,,,,,面积规划与模块投射,,,
FX-021,FX-021,fx,周长束缚索,G07,G07 方格城,,已确认冻结,PKG-FX-V2.0,星骸拾荒者_技能与装备效果HOPA正式包_V2.0/05_总清单与封版说明/41项技能与装备效果正式清单.csv,2b425fbc769b19f166c51aec5f83307ac3c2f617a29b23277d22d048b90b0fc0,formal_catalog_entry,FX-021,,,formal_row_authoritative,True,True,False,False,FX-021,,,星骸拾荒者_技能与装备效果HOPA正式包_V2.0/03_FX-C_G06-G09/01_FX-C详细视觉设计板/FX-021_周长束缚索_HOPA装备效果设计板.png,,,V2.0,,,,,边界识别、闭合与张力平衡,,,
FX-022,FX-022,fx,三角稳定甲,G07,G07 方格城,,已确认冻结,PKG-FX-V2.0,星骸拾荒者_技能与装备效果HOPA正式包_V2.0/05_总清单与封版说明/41项技能与装备效果正式清单.csv,2b425fbc769b19f166c51aec5f83307ac3c2f617a29b23277d22d048b90b0fc0,formal_catalog_entry,FX-022,,,formal_row_authoritative,True,True,False,False,FX-022,,,星骸拾荒者_技能与装备效果HOPA正式包_V2.0/03_FX-C_G06-G09/01_FX-C详细视觉设计板/FX-022_三角稳定甲_HOPA装备效果设计板.png,,,V2.0,,,,,三角支撑与结构加固,,,
FX-023,FX-023,fx,时间减速器,G08,G08 钟摆之城,,已确认冻结,PKG-FX-V2.0,星骸拾荒者_技能与装备效果HOPA正式包_V2.0/05_总清单与封版说明/41项技能与装备效果正式清单.csv,2b425fbc769b19f166c51aec5f83307ac3c2f617a29b23277d22d048b90b0fc0,formal_catalog_entry,FX-023,,,formal_row_authoritative,True,True,False,False,FX-023,,,星骸拾荒者_技能与装备效果HOPA正式包_V2.0/03_FX-C_G06-G09/01_FX-C详细视觉设计板/FX-023_时间减速器_HOPA装备效果设计板.png,,,V2.0,,,,,局部动作窗口延长,,,
FX-024,FX-024,fx,周期预测仪,G08,G08 钟摆之城,,已确认冻结,PKG-FX-V2.0,星骸拾荒者_技能与装备效果HOPA正式包_V2.0/05_总清单与封版说明/41项技能与装备效果正式清单.csv,2b425fbc769b19f166c51aec5f83307ac3c2f617a29b23277d22d048b90b0fc0,formal_catalog_entry,FX-024,,,formal_row_authoritative,True,True,False,False,FX-024,,,星骸拾荒者_技能与装备效果HOPA正式包_V2.0/03_FX-C_G06-G09/01_FX-C详细视觉设计板/FX-024_周期预测仪_HOPA装备效果设计板.png,,,V2.0,,,,,循环记录与安全窗口预测,,,
FX-025,FX-025,fx,循环外刻片,G08,G08 钟摆之城,,已确认冻结,PKG-FX-V2.0,星骸拾荒者_技能与装备效果HOPA正式包_V2.0/05_总清单与封版说明/41项技能与装备效果正式清单.csv,2b425fbc769b19f166c51aec5f83307ac3c2f617a29b23277d22d048b90b0fc0,formal_catalog_entry,FX-025,,,formal_row_authoritative,True,True,False,False,FX-025,,,星骸拾荒者_技能与装备效果HOPA正式包_V2.0/03_FX-C_G06-G09/01_FX-C详细视觉设计板/FX-025_循环外刻片_HOPA装备效果设计板.png,,,V2.0,,,,,跨循环事件刻录与保留,,,
FX-026,FX-026,fx,坐标定位器,G09,G09 棋阵卫星,,已确认冻结,PKG-FX-V2.0,星骸拾荒者_技能与装备效果HOPA正式包_V2.0/05_总清单与封版说明/41项技能与装备效果正式清单.csv,2b425fbc769b19f166c51aec5f83307ac3c2f617a29b23277d22d048b90b0fc0,formal_catalog_entry,FX-026,,,formal_row_authoritative,True,True,False,False,FX-026,,,星骸拾荒者_技能与装备效果HOPA正式包_V2.0/03_FX-C_G06-G09/01_FX-C详细视觉设计板/FX-026_坐标定位器_HOPA装备效果设计板.png,,,V2.0,,,,,坐标读取、翻面与可达范围,,,
FX-027,FX-027,fx,逻辑干扰器,G09,G09 棋阵卫星,,已确认冻结,PKG-FX-V2.0,星骸拾荒者_技能与装备效果HOPA正式包_V2.0/05_总清单与封版说明/41项技能与装备效果正式清单.csv,2b425fbc769b19f166c51aec5f83307ac3c2f617a29b23277d22d048b90b0fc0,formal_catalog_entry,FX-027,,,formal_row_authoritative,True,True,False,False,FX-027,,,星骸拾荒者_技能与装备效果HOPA正式包_V2.0/03_FX-C_G06-G09/01_FX-C详细视觉设计板/FX-027_逻辑干扰器_HOPA装备效果设计板.png,,,V2.0,,,,,矛盾证据注入与规则重判,,,
FX-028,FX-028,fx,棋阵投影盘,G09,G09 棋阵卫星,,已确认冻结,PKG-FX-V2.0,星骸拾荒者_技能与装备效果HOPA正式包_V2.0/05_总清单与封版说明/41项技能与装备效果正式清单.csv,2b425fbc769b19f166c51aec5f83307ac3c2f617a29b23277d22d048b90b0fc0,formal_catalog_entry,FX-028,,,formal_row_authoritative,True,True,False,False,FX-028,,,星骸拾荒者_技能与装备效果HOPA正式包_V2.0/03_FX-C_G06-G09/01_FX-C详细视觉设计板/FX-028_棋阵投影盘_HOPA装备效果设计板.png,,,V2.0,,,,,多步路线推演与后果预览,,,
FX-029,FX-029,fx,数据预测头盔,G10,G10 概率云港,,已确认冻结,PKG-FX-V2.0,星骸拾荒者_技能与装备效果HOPA正式包_V2.0/05_总清单与封版说明/41项技能与装备效果正式清单.csv,2b425fbc769b19f166c51aec5f83307ac3c2f617a29b23277d22d048b90b0fc0,formal_catalog_entry,FX-029,,,formal_row_authoritative,True,True,False,False,FX-029,,,星骸拾荒者_技能与装备效果HOPA正式包_V2.0/04_FX-D_G10-G13/01_FX-D详细视觉设计板/FX-029_数据预测头盔_HOPA装备效果设计板.png,,,V2.0,,,,,样本链与风险区间,,,
FX-030,FX-030,fx,概率感应器,G10,G10 概率云港,,已确认冻结,PKG-FX-V2.0,星骸拾荒者_技能与装备效果HOPA正式包_V2.0/05_总清单与封版说明/41项技能与装备效果正式清单.csv,2b425fbc769b19f166c51aec5f83307ac3c2f617a29b23277d22d048b90b0fc0,formal_catalog_entry,FX-030,,,formal_row_authoritative,True,True,False,False,FX-030,,,星骸拾荒者_技能与装备效果HOPA正式包_V2.0/04_FX-D_G10-G13/01_FX-D详细视觉设计板/FX-030_概率感应器_HOPA装备效果设计板.png,,,V2.0,,,,,频率记录与不确定性,,,
FX-031,FX-031,fx,云港滑翔翼,G10,G10 概率云港,,已确认冻结,PKG-FX-V2.0,星骸拾荒者_技能与装备效果HOPA正式包_V2.0/05_总清单与封版说明/41项技能与装备效果正式清单.csv,2b425fbc769b19f166c51aec5f83307ac3c2f617a29b23277d22d048b90b0fc0,formal_catalog_entry,FX-031,,,formal_row_authoritative,True,True,False,False,FX-031,,,星骸拾荒者_技能与装备效果HOPA正式包_V2.0/04_FX-D_G10-G13/01_FX-D详细视觉设计板/FX-031_云港滑翔翼_HOPA装备效果设计板.png,,,V2.0,,,,,风向概率与安全落点,,,
FX-032,FX-032,fx,立体装配臂,G11,G11 立体工厂,,已确认冻结,PKG-FX-V2.0,星骸拾荒者_技能与装备效果HOPA正式包_V2.0/05_总清单与封版说明/41项技能与装备效果正式清单.csv,2b425fbc769b19f166c51aec5f83307ac3c2f617a29b23277d22d048b90b0fc0,formal_catalog_entry,FX-032,,,formal_row_authoritative,True,True,False,False,FX-032,,,星骸拾荒者_技能与装备效果HOPA正式包_V2.0/04_FX-D_G10-G13/01_FX-D详细视觉设计板/FX-032_立体装配臂_HOPA装备效果设计板.png,,,V2.0,,,,,三轴装配与碰撞回退,,,
FX-033,FX-033,fx,空间折叠箱,G11,G11 立体工厂,,已确认冻结,PKG-FX-V2.0,星骸拾荒者_技能与装备效果HOPA正式包_V2.0/05_总清单与封版说明/41项技能与装备效果正式清单.csv,2b425fbc769b19f166c51aec5f83307ac3c2f617a29b23277d22d048b90b0fc0,formal_catalog_entry,FX-033,,,formal_row_authoritative,True,True,False,False,FX-033,,,星骸拾荒者_技能与装备效果HOPA正式包_V2.0/04_FX-D_G10-G13/01_FX-D详细视觉设计板/FX-033_空间折叠箱_HOPA装备效果设计板.png,,,V2.0,,,,,容量规划与维护空间,,,
FX-034,FX-034,fx,棱角护盾,G11,G11 立体工厂,,已确认冻结,PKG-FX-V2.0,星骸拾荒者_技能与装备效果HOPA正式包_V2.0/05_总清单与封版说明/41项技能与装备效果正式清单.csv,2b425fbc769b19f166c51aec5f83307ac3c2f617a29b23277d22d048b90b0fc0,formal_catalog_entry,FX-034,,,formal_row_authoritative,True,True,False,False,FX-034,,,星骸拾荒者_技能与装备效果HOPA正式包_V2.0/04_FX-D_G10-G13/01_FX-D详细视觉设计板/FX-034_棱角护盾_HOPA装备效果设计板.png,,,V2.0,,,,,受力方向与多面分散,,,
FX-035,FX-035,fx,综合工程臂,G12,G12 百工星环,,已确认冻结,PKG-FX-V2.0,星骸拾荒者_技能与装备效果HOPA正式包_V2.0/05_总清单与封版说明/41项技能与装备效果正式清单.csv,2b425fbc769b19f166c51aec5f83307ac3c2f617a29b23277d22d048b90b0fc0,formal_catalog_entry,FX-035,,,formal_row_authoritative,True,True,False,False,FX-035,,,星骸拾荒者_技能与装备效果HOPA正式包_V2.0/04_FX-D_G10-G13/01_FX-D详细视觉设计板/FX-035_综合工程臂_HOPA装备效果设计板.png,,,V2.0,,,,,工具头选择与工序执行,,,
FX-036,FX-036,fx,模块接驳器,G12,G12 百工星环,,已确认冻结,PKG-FX-V2.0,星骸拾荒者_技能与装备效果HOPA正式包_V2.0/05_总清单与封版说明/41项技能与装备效果正式清单.csv,2b425fbc769b19f166c51aec5f83307ac3c2f617a29b23277d22d048b90b0fc0,formal_catalog_entry,FX-036,,,formal_row_authoritative,True,True,False,False,FX-036,,,星骸拾荒者_技能与装备效果HOPA正式包_V2.0/04_FX-D_G10-G13/01_FX-D详细视觉设计板/FX-036_模块接驳器_HOPA装备效果设计板.png,,,V2.0,,,,,接口匹配与负载验证,,,
FX-037,FX-037,fx,风暴稳定翼,G12,G12 百工星环,,已确认冻结,PKG-FX-V2.0,星骸拾荒者_技能与装备效果HOPA正式包_V2.0/05_总清单与封版说明/41项技能与装备效果正式清单.csv,2b425fbc769b19f166c51aec5f83307ac3c2f617a29b23277d22d048b90b0fc0,formal_catalog_entry,FX-037,,,formal_row_authoritative,True,True,False,False,FX-037,,,星骸拾荒者_技能与装备效果HOPA正式包_V2.0/04_FX-D_G10-G13/01_FX-D详细视觉设计板/FX-037_风暴稳定翼_HOPA装备效果设计板.png,,,V2.0,,,,,姿态平衡与保护收翼,,,
FX-038,FX-038,fx,工程调度台,G12,G12 百工星环,,已确认冻结,PKG-FX-V2.0,星骸拾荒者_技能与装备效果HOPA正式包_V2.0/05_总清单与封版说明/41项技能与装备效果正式清单.csv,2b425fbc769b19f166c51aec5f83307ac3c2f617a29b23277d22d048b90b0fc0,formal_catalog_entry,FX-038,,,formal_row_authoritative,True,True,False,False,FX-038,,,星骸拾荒者_技能与装备效果HOPA正式包_V2.0/04_FX-D_G10-G13/01_FX-D详细视觉设计板/FX-038_工程调度台_HOPA装备效果设计板.png,,,V2.0,,,,,工序依赖、资源与故障回退,,,
FX-039,FX-039,fx,十二星修复环,G13,G13 零号地球,,已确认冻结,PKG-FX-V2.0,星骸拾荒者_技能与装备效果HOPA正式包_V2.0/05_总清单与封版说明/41项技能与装备效果正式清单.csv,2b425fbc769b19f166c51aec5f83307ac3c2f617a29b23277d22d048b90b0fc0,formal_catalog_entry,FX-039,,,formal_row_authoritative,True,True,False,False,FX-039,,,星骸拾荒者_技能与装备效果HOPA正式包_V2.0/04_FX-D_G10-G13/01_FX-D详细视觉设计板/FX-039_十二星修复环_HOPA装备效果设计板.png,,,V2.0,,,,,十二节点闭环与分区修复,,,
FX-040,FX-040,fx,文明种子舱,G13,G13 零号地球,,已确认冻结,PKG-FX-V2.0,星骸拾荒者_技能与装备效果HOPA正式包_V2.0/05_总清单与封版说明/41项技能与装备效果正式清单.csv,2b425fbc769b19f166c51aec5f83307ac3c2f617a29b23277d22d048b90b0fc0,formal_catalog_entry,FX-040,,,formal_row_authoritative,True,True,False,False,FX-040,,,星骸拾荒者_技能与装备效果HOPA正式包_V2.0/04_FX-D_G10-G13/01_FX-D详细视觉设计板/FX-040_文明种子舱_HOPA装备效果设计板.png,,,V2.0,,,,,样本审核与阶段唤醒,,,
FX-041,FX-041,fx,最初的小扳手,G13,G13 零号地球,,已确认冻结,PKG-FX-V2.0,星骸拾荒者_技能与装备效果HOPA正式包_V2.0/05_总清单与封版说明/41项技能与装备效果正式清单.csv,2b425fbc769b19f166c51aec5f83307ac3c2f617a29b23277d22d048b90b0fc0,formal_catalog_entry,FX-041,,,formal_row_authoritative,True,True,False,False,FX-041,,,星骸拾荒者_技能与装备效果HOPA正式包_V2.0/04_FX-D_G10-G13/01_FX-D详细视觉设计板/FX-041_最初的小扳手_HOPA装备效果设计板.png,,,V2.0,,,,,手动维修与最终接口开启,,,
DANGER-001,DANGER-001,danger,裸露电缆放电,锈环星,锈环星,局部周期危险,已确认冻结,PKG-DANGER-V2.0,星骸拾荒者_危险视觉HOPA正式包_V2.0/05_总清单与封版说明/76项危险视觉正式清单.csv,4b7b69038877e02a03bdb6502b92502e1277a81aa2bdef9feb17f5a0ce8d7276,formal_catalog_entry,DANGER-001,,,formal_row_authoritative,True,True,False,False,DANGER-001,,,星骸拾荒者_危险视觉HOPA正式包_V2.0/01_DANGER-A_G02-G04/01_DANGER-A详细危险设计板/DANGER-001_裸露电缆放电_HOPA危险视觉详细设计板.png,,,V2.0,,DANGER-A,已检出,已确认冻结,,电线森林与五塔外环,,
DANGER-002,DANGER-002,danger,吊臂落物区,锈环星,锈环星,落物节奏危险,已确认冻结,PKG-DANGER-V2.0,星骸拾荒者_危险视觉HOPA正式包_V2.0/05_总清单与封版说明/76项危险视觉正式清单.csv,4b7b69038877e02a03bdb6502b92502e1277a81aa2bdef9feb17f5a0ce8d7276,formal_catalog_entry,DANGER-002,,,formal_row_authoritative,True,True,False,False,DANGER-002,,,星骸拾荒者_危险视觉HOPA正式包_V2.0/01_DANGER-A_G02-G04/01_DANGER-A详细危险设计板/DANGER-002_吊臂落物区_HOPA危险视觉详细设计板.png,,,V2.0,,DANGER-A,已检出,已确认冻结,,吊臂区与发动机坑,,
DANGER-003,DANGER-003,danger,电池洞穴过热,锈环星,锈环星,温度累积危险,已确认冻结,PKG-DANGER-V2.0,星骸拾荒者_危险视觉HOPA正式包_V2.0/05_总清单与封版说明/76项危险视觉正式清单.csv,4b7b69038877e02a03bdb6502b92502e1277a81aa2bdef9feb17f5a0ce8d7276,formal_catalog_entry,DANGER-003,,,formal_row_authoritative,True,True,False,False,DANGER-003,,,星骸拾荒者_危险视觉HOPA正式包_V2.0/01_DANGER-A_G02-G04/01_DANGER-A详细危险设计板/DANGER-003_电池洞穴过热_HOPA危险视觉详细设计板.png,,,V2.0,,DANGER-A,已检出,已确认冻结,,电池洞穴与冷却管网,,
DANGER-004,DANGER-004,danger,磁性碎片风,锈环星,锈环星,方向性环境危险,已确认冻结,PKG-DANGER-V2.0,星骸拾荒者_危险视觉HOPA正式包_V2.0/05_总清单与封版说明/76项危险视觉正式清单.csv,4b7b69038877e02a03bdb6502b92502e1277a81aa2bdef9feb17f5a0ce8d7276,formal_catalog_entry,DANGER-004,,,formal_row_authoritative,True,True,False,False,DANGER-004,,,星骸拾荒者_危险视觉HOPA正式包_V2.0/01_DANGER-A_G02-G04/01_DANGER-A详细危险设计板/DANGER-004_磁性碎片风_HOPA危险视觉详细设计板.png,,,V2.0,,DANGER-A,已检出,已确认冻结,,废料坡与磁力塔间通道,,
DANGER-005,DANGER-005,danger,能源塔过载,锈环星,锈环星,系统级倒计时危险,已确认冻结,PKG-DANGER-V2.0,星骸拾荒者_危险视觉HOPA正式包_V2.0/05_总清单与封版说明/76项危险视觉正式清单.csv,4b7b69038877e02a03bdb6502b92502e1277a81aa2bdef9feb17f5a0ce8d7276,formal_catalog_entry,DANGER-005,,,formal_row_authoritative,True,True,False,False,DANGER-005,,,星骸拾荒者_危险视觉HOPA正式包_V2.0/01_DANGER-A_G02-G04/01_DANGER-A详细危险设计板/DANGER-005_能源塔过载_HOPA危险视觉详细设计板.png,,,V2.0,,DANGER-A,已检出,已确认冻结,,五塔外环与公共稳压器,,
DANGER-006,DANGER-006,danger,低温供暖中断,锈环星,锈环星,环境状态危险,已确认冻结,PKG-DANGER-V2.0,星骸拾荒者_危险视觉HOPA正式包_V2.0/05_总清单与封版说明/76项危险视觉正式清单.csv,4b7b69038877e02a03bdb6502b92502e1277a81aa2bdef9feb17f5a0ce8d7276,formal_catalog_entry,DANGER-006,,,formal_row_authoritative,True,True,False,False,DANGER-006,,,星骸拾荒者_危险视觉HOPA正式包_V2.0/01_DANGER-A_G02-G04/01_DANGER-A详细危险设计板/DANGER-006_低温供暖中断_HOPA危险视觉详细设计板.png,,,V2.0,,DANGER-A,已检出,已确认冻结,,供暖棚与外环居住区,,
DANGER-007,DANGER-007,danger,传送带夹点,齿轮荒原,齿轮荒原,机械夹点危险,已确认冻结,PKG-DANGER-V2.0,星骸拾荒者_危险视觉HOPA正式包_V2.0/05_总清单与封版说明/76项危险视觉正式清单.csv,4b7b69038877e02a03bdb6502b92502e1277a81aa2bdef9feb17f5a0ce8d7276,formal_catalog_entry,DANGER-007,,,formal_row_authoritative,True,True,False,False,DANGER-007,,,星骸拾荒者_危险视觉HOPA正式包_V2.0/01_DANGER-A_G02-G04/01_DANGER-A详细危险设计板/DANGER-007_传送带夹点_HOPA危险视觉详细设计板.png,,,V2.0,,DANGER-A,已检出,已确认冻结,,落货码头与工坊入口,,
DANGER-008,DANGER-008,danger,齿轮飞齿,齿轮荒原,齿轮荒原,部件脱落危险,已确认冻结,PKG-DANGER-V2.0,星骸拾荒者_危险视觉HOPA正式包_V2.0/05_总清单与封版说明/76项危险视觉正式清单.csv,4b7b69038877e02a03bdb6502b92502e1277a81aa2bdef9feb17f5a0ce8d7276,formal_catalog_entry,DANGER-008,,,formal_row_authoritative,True,True,False,False,DANGER-008,,,星骸拾荒者_危险视觉HOPA正式包_V2.0/01_DANGER-A_G02-G04/01_DANGER-A详细危险设计板/DANGER-008_齿轮飞齿_HOPA危险视觉详细设计板.png,,,V2.0,,DANGER-A,已检出,已确认冻结,,四工坊环与维修井,,
DANGER-009,DANGER-009,danger,货箱倾倒,齿轮荒原,齿轮荒原,堆叠失稳危险,已确认冻结,PKG-DANGER-V2.0,星骸拾荒者_危险视觉HOPA正式包_V2.0/05_总清单与封版说明/76项危险视觉正式清单.csv,4b7b69038877e02a03bdb6502b92502e1277a81aa2bdef9feb17f5a0ce8d7276,formal_catalog_entry,DANGER-009,,,formal_row_authoritative,True,True,False,False,DANGER-009,,,星骸拾荒者_危险视觉HOPA正式包_V2.0/01_DANGER-A_G02-G04/01_DANGER-A详细危险设计板/DANGER-009_货箱倾倒_HOPA危险视觉详细设计板.png,,,V2.0,,DANGER-A,已检出,已确认冻结,,两座腹仓与坡道,,
DANGER-010,DANGER-010,danger,压力门误闭,齿轮荒原,齿轮荒原,门禁节奏危险,已确认冻结,PKG-DANGER-V2.0,星骸拾荒者_危险视觉HOPA正式包_V2.0/05_总清单与封版说明/76项危险视觉正式清单.csv,4b7b69038877e02a03bdb6502b92502e1277a81aa2bdef9feb17f5a0ce8d7276,formal_catalog_entry,DANGER-010,,,formal_row_authoritative,True,True,False,False,DANGER-010,,,星骸拾荒者_危险视觉HOPA正式包_V2.0/01_DANGER-A_G02-G04/01_DANGER-A详细危险设计板/DANGER-010_压力门误闭_HOPA危险视觉详细设计板.png,,,V2.0,,DANGER-A,已检出,已确认冻结,,腹仓压力门与联锁走廊,,
DANGER-011,DANGER-011,danger,需求广播过载,齿轮荒原,齿轮荒原,信息噪声危险,已确认冻结,PKG-DANGER-V2.0,星骸拾荒者_危险视觉HOPA正式包_V2.0/05_总清单与封版说明/76项危险视觉正式清单.csv,4b7b69038877e02a03bdb6502b92502e1277a81aa2bdef9feb17f5a0ce8d7276,formal_catalog_entry,DANGER-011,,,formal_row_authoritative,True,True,False,False,DANGER-011,,,星骸拾荒者_危险视觉HOPA正式包_V2.0/01_DANGER-A_G02-G04/01_DANGER-A详细危险设计板/DANGER-011_需求广播过载_HOPA危险视觉详细设计板.png,,,V2.0,,DANGER-A,已检出,已确认冻结,,需求环街与公共终端,,
DANGER-012,DANGER-012,danger,蒸汽管爆压,齿轮荒原,齿轮荒原,压力累积危险,已确认冻结,PKG-DANGER-V2.0,星骸拾荒者_危险视觉HOPA正式包_V2.0/05_总清单与封版说明/76项危险视觉正式清单.csv,4b7b69038877e02a03bdb6502b92502e1277a81aa2bdef9feb17f5a0ce8d7276,formal_catalog_entry,DANGER-012,,,formal_row_authoritative,True,True,False,False,DANGER-012,,,星骸拾荒者_危险视觉HOPA正式包_V2.0/01_DANGER-A_G02-G04/01_DANGER-A详细危险设计板/DANGER-012_蒸汽管爆压_HOPA危险视觉详细设计板.png,,,V2.0,,DANGER-A,已检出,已确认冻结,,工坊管网与维修通道,,
DANGER-013,DANGER-013,danger,物资争抢拥堵,齿轮荒原,齿轮荒原,非暴力人群阻碍,已确认冻结,PKG-DANGER-V2.0,星骸拾荒者_危险视觉HOPA正式包_V2.0/05_总清单与封版说明/76项危险视觉正式清单.csv,4b7b69038877e02a03bdb6502b92502e1277a81aa2bdef9feb17f5a0ce8d7276,formal_catalog_entry,DANGER-013,,,formal_row_authoritative,True,True,False,False,DANGER-013,,,星骸拾荒者_危险视觉HOPA正式包_V2.0/01_DANGER-A_G02-G04/01_DANGER-A详细危险设计板/DANGER-013_物资争抢拥堵_HOPA危险视觉详细设计板.png,,,V2.0,,DANGER-A,已检出,已确认冻结,,公开分配厅与缺口宴席厅,,
DANGER-014,DANGER-014,danger,棱镜强光,镜面沙海,镜面沙海,视野干扰危险,已确认冻结,PKG-DANGER-V2.0,星骸拾荒者_危险视觉HOPA正式包_V2.0/05_总清单与封版说明/76项危险视觉正式清单.csv,4b7b69038877e02a03bdb6502b92502e1277a81aa2bdef9feb17f5a0ce8d7276,formal_catalog_entry,DANGER-014,,,formal_row_authoritative,True,True,False,False,DANGER-014,,,星骸拾荒者_危险视觉HOPA正式包_V2.0/01_DANGER-A_G02-G04/01_DANGER-A详细危险设计板/DANGER-014_棱镜强光_HOPA危险视觉详细设计板.png,,,V2.0,,DANGER-A,已检出,已确认冻结,,棱镜峡谷与镜面市集,,
DANGER-015,DANGER-015,danger,流沙镜面坍落,镜面沙海,镜面沙海,地面失稳危险,已确认冻结,PKG-DANGER-V2.0,星骸拾荒者_危险视觉HOPA正式包_V2.0/05_总清单与封版说明/76项危险视觉正式清单.csv,4b7b69038877e02a03bdb6502b92502e1277a81aa2bdef9feb17f5a0ce8d7276,formal_catalog_entry,DANGER-015,,,formal_row_authoritative,True,True,False,False,DANGER-015,,,星骸拾荒者_危险视觉HOPA正式包_V2.0/01_DANGER-A_G02-G04/01_DANGER-A详细危险设计板/DANGER-015_流沙镜面坍落_HOPA危险视觉详细设计板.png,,,V2.0,,DANGER-A,已检出,已确认冻结,,倒影坠落场与沙桥,,
DANGER-016,DANGER-016,danger,反射光束门,镜面沙海,镜面沙海,光路封锁危险,已确认冻结,PKG-DANGER-V2.0,星骸拾荒者_危险视觉HOPA正式包_V2.0/05_总清单与封版说明/76项危险视觉正式清单.csv,4b7b69038877e02a03bdb6502b92502e1277a81aa2bdef9feb17f5a0ce8d7276,formal_catalog_entry,DANGER-016,,,formal_row_authoritative,True,True,False,False,DANGER-016,,,星骸拾荒者_危险视觉HOPA正式包_V2.0/01_DANGER-A_G02-G04/01_DANGER-A详细危险设计板/DANGER-016_反射光束门_HOPA危险视觉详细设计板.png,,,V2.0,,DANGER-A,已检出,已确认冻结,,九座倒影宫与棱镜门廊,,
DANGER-017,DANGER-017,danger,记忆雾侵蚀,镜面沙海,镜面沙海,线索衰减危险,已确认冻结,PKG-DANGER-V2.0,星骸拾荒者_危险视觉HOPA正式包_V2.0/05_总清单与封版说明/76项危险视觉正式清单.csv,4b7b69038877e02a03bdb6502b92502e1277a81aa2bdef9feb17f5a0ce8d7276,formal_catalog_entry,DANGER-017,,,formal_row_authoritative,True,True,False,False,DANGER-017,,,星骸拾荒者_危险视觉HOPA正式包_V2.0/01_DANGER-A_G02-G04/01_DANGER-A详细危险设计板/DANGER-017_记忆雾侵蚀_HOPA危险视觉详细设计板.png,,,V2.0,,DANGER-A,已检出,已确认冻结,,失忆沙丘与镜背档案层,,
DANGER-018,DANGER-018,danger,镜像诱饵通道,镜面沙海,镜面沙海,虚假路径危险,已确认冻结,PKG-DANGER-V2.0,星骸拾荒者_危险视觉HOPA正式包_V2.0/05_总清单与封版说明/76项危险视觉正式清单.csv,4b7b69038877e02a03bdb6502b92502e1277a81aa2bdef9feb17f5a0ce8d7276,formal_catalog_entry,DANGER-018,,,formal_row_authoritative,True,True,False,False,DANGER-018,,,星骸拾荒者_危险视觉HOPA正式包_V2.0/01_DANGER-A_G02-G04/01_DANGER-A详细危险设计板/DANGER-018_镜像诱饵通道_HOPA危险视觉详细设计板.png,,,V2.0,,DANGER-A,已检出,已确认冻结,,反向地图市集与倒影宫入口,,
DANGER-019,DANGER-019,danger,镜砂风暴遮挡,镜面沙海,镜面沙海,阶段性视野危险,已确认冻结,PKG-DANGER-V2.0,星骸拾荒者_危险视觉HOPA正式包_V2.0/05_总清单与封版说明/76项危险视觉正式清单.csv,4b7b69038877e02a03bdb6502b92502e1277a81aa2bdef9feb17f5a0ce8d7276,formal_catalog_entry,DANGER-019,,,formal_row_authoritative,True,True,False,False,DANGER-019,,,星骸拾荒者_危险视觉HOPA正式包_V2.0/01_DANGER-A_G02-G04/01_DANGER-A详细危险设计板/DANGER-019_镜砂风暴遮挡_HOPA危险视觉详细设计板.png,,,V2.0,,DANGER-A,已检出,已确认冻结,,棱镜峡谷、档案入口与双生镜坊,,
DANGER-020,DANGER-020,danger,薄冰裂纹扩散,刻度冰原,刻度冰原,地面失稳危险,已确认冻结,PKG-DANGER-V2.0,星骸拾荒者_危险视觉HOPA正式包_V2.0/05_总清单与封版说明/76项危险视觉正式清单.csv,4b7b69038877e02a03bdb6502b92502e1277a81aa2bdef9feb17f5a0ce8d7276,formal_catalog_entry,DANGER-020,,,formal_row_authoritative,True,True,False,False,DANGER-020,,,星骸拾荒者_危险视觉HOPA正式包_V2.0/02_DANGER-B_G05-G07/01_DANGER-B详细危险设计板/DANGER-020_薄冰裂纹扩散_HOPA危险视觉详细设计板.png,,,V2.0,,DANGER-B,已检出,已确认冻结,,冰面走廊与对岸检修站,,
DANGER-021,DANGER-021,danger,冰桥收缩,刻度冰原,刻度冰原,结构变化危险,已确认冻结,PKG-DANGER-V2.0,星骸拾荒者_危险视觉HOPA正式包_V2.0/05_总清单与封版说明/76项危险视觉正式清单.csv,4b7b69038877e02a03bdb6502b92502e1277a81aa2bdef9feb17f5a0ce8d7276,formal_catalog_entry,DANGER-021,,,formal_row_authoritative,True,True,False,False,DANGER-021,,,星骸拾荒者_危险视觉HOPA正式包_V2.0/02_DANGER-B_G05-G07/01_DANGER-B详细危险设计板/DANGER-021_冰桥收缩_HOPA危险视觉详细设计板.png,,,V2.0,,DANGER-B,已检出,已确认冻结,,断裂冰桥与伸缩桥轨基座,,
DANGER-022,DANGER-022,danger,白雾遮视,刻度冰原,刻度冰原,阶段性视野危险,已确认冻结,PKG-DANGER-V2.0,星骸拾荒者_危险视觉HOPA正式包_V2.0/05_总清单与封版说明/76项危险视觉正式清单.csv,4b7b69038877e02a03bdb6502b92502e1277a81aa2bdef9feb17f5a0ce8d7276,formal_catalog_entry,DANGER-022,,,formal_row_authoritative,True,True,False,False,DANGER-022,,,星骸拾荒者_危险视觉HOPA正式包_V2.0/02_DANGER-B_G05-G07/01_DANGER-B详细危险设计板/DANGER-022_白雾遮视_HOPA危险视觉详细设计板.png,,,V2.0,,DANGER-B,已检出,已确认冻结,,风口坡与量杯站外侧,,
DANGER-023,DANGER-023,danger,冻阀卡死,刻度冰原,刻度冰原,机械冻结危险,已确认冻结,PKG-DANGER-V2.0,星骸拾荒者_危险视觉HOPA正式包_V2.0/05_总清单与封版说明/76项危险视觉正式清单.csv,4b7b69038877e02a03bdb6502b92502e1277a81aa2bdef9feb17f5a0ce8d7276,formal_catalog_entry,DANGER-023,,,formal_row_authoritative,True,True,False,False,DANGER-023,,,星骸拾荒者_危险视觉HOPA正式包_V2.0/02_DANGER-B_G05-G07/01_DANGER-B详细危险设计板/DANGER-023_冻阀卡死_HOPA危险视觉详细设计板.png,,,V2.0,,DANGER-B,已检出,已确认冻结,,供水管网与冰下水库,,
DANGER-024,DANGER-024,danger,量杯溢流,刻度冰原,刻度冰原,容量超限危险,已确认冻结,PKG-DANGER-V2.0,星骸拾荒者_危险视觉HOPA正式包_V2.0/05_总清单与封版说明/76项危险视觉正式清单.csv,4b7b69038877e02a03bdb6502b92502e1277a81aa2bdef9feb17f5a0ce8d7276,formal_catalog_entry,DANGER-024,,,formal_row_authoritative,True,True,False,False,DANGER-024,,,星骸拾荒者_危险视觉HOPA正式包_V2.0/02_DANGER-B_G05-G07/01_DANGER-B详细危险设计板/DANGER-024_量杯溢流_HOPA危险视觉详细设计板.png,,,V2.0,,DANGER-B,已检出,已确认冻结,,量杯站与供给分配台,,
DANGER-025,DANGER-025,danger,冰壁反射误导,刻度冰原,刻度冰原,视觉误差危险,已确认冻结,PKG-DANGER-V2.0,星骸拾荒者_危险视觉HOPA正式包_V2.0/05_总清单与封版说明/76项危险视觉正式清单.csv,4b7b69038877e02a03bdb6502b92502e1277a81aa2bdef9feb17f5a0ce8d7276,formal_catalog_entry,DANGER-025,,,formal_row_authoritative,True,True,False,False,DANGER-025,,,星骸拾荒者_危险视觉HOPA正式包_V2.0/02_DANGER-B_G05-G07/01_DANGER-B详细危险设计板/DANGER-025_冰壁反射误导_HOPA危险视觉详细设计板.png,,,V2.0,,DANGER-B,已检出,已确认冻结,,测量档案室与镜面冻层,,
DANGER-026,DANGER-026,danger,浮岛边缘崩落,分片群岛,分片群岛,边缘坍落危险,已确认冻结,PKG-DANGER-V2.0,星骸拾荒者_危险视觉HOPA正式包_V2.0/05_总清单与封版说明/76项危险视觉正式清单.csv,4b7b69038877e02a03bdb6502b92502e1277a81aa2bdef9feb17f5a0ce8d7276,formal_catalog_entry,DANGER-026,,,formal_row_authoritative,True,True,False,False,DANGER-026,,,星骸拾荒者_危险视觉HOPA正式包_V2.0/02_DANGER-B_G05-G07/01_DANGER-B详细危险设计板/DANGER-026_浮岛边缘崩落_HOPA危险视觉详细设计板.png,,,V2.0,,DANGER-B,已检出,已确认冻结,,碎片航道与浮桥断口,,
DANGER-027,DANGER-027,danger,航图碎片漂移,分片群岛,分片群岛,物件漂移危险,已确认冻结,PKG-DANGER-V2.0,星骸拾荒者_危险视觉HOPA正式包_V2.0/05_总清单与封版说明/76项危险视觉正式清单.csv,4b7b69038877e02a03bdb6502b92502e1277a81aa2bdef9feb17f5a0ce8d7276,formal_catalog_entry,DANGER-027,,,formal_row_authoritative,True,True,False,False,DANGER-027,,,星骸拾荒者_危险视觉HOPA正式包_V2.0/02_DANGER-B_G05-G07/01_DANGER-B详细危险设计板/DANGER-027_航图碎片漂移_HOPA危险视觉详细设计板.png,,,V2.0,,DANGER-B,已检出,已确认冻结,,碎片航图台与风洞,,
DANGER-028,DANGER-028,danger,能源管摆动,分片群岛,分片群岛,摆动接驳危险,已确认冻结,PKG-DANGER-V2.0,星骸拾荒者_危险视觉HOPA正式包_V2.0/05_总清单与封版说明/76项危险视觉正式清单.csv,4b7b69038877e02a03bdb6502b92502e1277a81aa2bdef9feb17f5a0ce8d7276,formal_catalog_entry,DANGER-028,,,formal_row_authoritative,True,True,False,False,DANGER-028,,,星骸拾荒者_危险视觉HOPA正式包_V2.0/02_DANGER-B_G05-G07/01_DANGER-B详细危险设计板/DANGER-028_能源管摆动_HOPA危险视觉详细设计板.png,,,V2.0,,DANGER-B,已检出,已确认冻结,,能源码头与岛链接口,,
DANGER-029,DANGER-029,danger,浮桥侧翻,分片群岛,分片群岛,重心失衡危险,已确认冻结,PKG-DANGER-V2.0,星骸拾荒者_危险视觉HOPA正式包_V2.0/05_总清单与封版说明/76项危险视觉正式清单.csv,4b7b69038877e02a03bdb6502b92502e1277a81aa2bdef9feb17f5a0ce8d7276,formal_catalog_entry,DANGER-029,,,formal_row_authoritative,True,True,False,False,DANGER-029,,,星骸拾荒者_危险视觉HOPA正式包_V2.0/02_DANGER-B_G05-G07/01_DANGER-B详细危险设计板/DANGER-029_浮桥侧翻_HOPA危险视觉详细设计板.png,,,V2.0,,DANGER-B,已检出,已确认冻结,,岛间浮桥与风口水道,,
DANGER-030,DANGER-030,danger,岛链断电,分片群岛,分片群岛,连锁断电危险,已确认冻结,PKG-DANGER-V2.0,星骸拾荒者_危险视觉HOPA正式包_V2.0/05_总清单与封版说明/76项危险视觉正式清单.csv,4b7b69038877e02a03bdb6502b92502e1277a81aa2bdef9feb17f5a0ce8d7276,formal_catalog_entry,DANGER-030,,,formal_row_authoritative,True,True,False,False,DANGER-030,,,星骸拾荒者_危险视觉HOPA正式包_V2.0/02_DANGER-B_G05-G07/01_DANGER-B详细危险设计板/DANGER-030_岛链断电_HOPA危险视觉详细设计板.png,,,V2.0,,DANGER-B,已检出,已确认冻结,,三座浮岛与安全储备舱,,
DANGER-031,DANGER-031,danger,碎片潮冲击,分片群岛,分片群岛,周期冲击危险,已确认冻结,PKG-DANGER-V2.0,星骸拾荒者_危险视觉HOPA正式包_V2.0/05_总清单与封版说明/76项危险视觉正式清单.csv,4b7b69038877e02a03bdb6502b92502e1277a81aa2bdef9feb17f5a0ce8d7276,formal_catalog_entry,DANGER-031,,,formal_row_authoritative,True,True,False,False,DANGER-031,,,星骸拾荒者_危险视觉HOPA正式包_V2.0/02_DANGER-B_G05-G07/01_DANGER-B详细危险设计板/DANGER-031_碎片潮冲击_HOPA危险视觉详细设计板.png,,,V2.0,,DANGER-B,已检出,已确认冻结,,浮岛外缘与护甲工位,,
DANGER-032,DANGER-032,danger,移动街区夹缝,方格城,方格城,模块挤压危险,已确认冻结,PKG-DANGER-V2.0,星骸拾荒者_危险视觉HOPA正式包_V2.0/05_总清单与封版说明/76项危险视觉正式清单.csv,4b7b69038877e02a03bdb6502b92502e1277a81aa2bdef9feb17f5a0ce8d7276,formal_catalog_entry,DANGER-032,,,formal_row_authoritative,True,True,False,False,DANGER-032,,,星骸拾荒者_危险视觉HOPA正式包_V2.0/02_DANGER-B_G05-G07/01_DANGER-B详细危险设计板/DANGER-032_移动街区夹缝_HOPA危险视觉详细设计板.png,,,V2.0,,DANGER-B,已检出,已确认冻结,,移动街区与主城门,,
DANGER-033,DANGER-033,danger,边界线断裂,方格城,方格城,封锁失效危险,已确认冻结,PKG-DANGER-V2.0,星骸拾荒者_危险视觉HOPA正式包_V2.0/05_总清单与封版说明/76项危险视觉正式清单.csv,4b7b69038877e02a03bdb6502b92502e1277a81aa2bdef9feb17f5a0ce8d7276,formal_catalog_entry,DANGER-033,,,formal_row_authoritative,True,True,False,False,DANGER-033,,,星骸拾荒者_危险视觉HOPA正式包_V2.0/02_DANGER-B_G05-G07/01_DANGER-B详细危险设计板/DANGER-033_边界线断裂_HOPA危险视觉详细设计板.png,,,V2.0,,DANGER-B,已检出,已确认冻结,,泄漏街区与边界柱,,
DANGER-034,DANGER-034,danger,塔架四边形形变,方格城,方格城,结构变形危险,已确认冻结,PKG-DANGER-V2.0,星骸拾荒者_危险视觉HOPA正式包_V2.0/05_总清单与封版说明/76项危险视觉正式清单.csv,4b7b69038877e02a03bdb6502b92502e1277a81aa2bdef9feb17f5a0ce8d7276,formal_catalog_entry,DANGER-034,,,formal_row_authoritative,True,True,False,False,DANGER-034,,,星骸拾荒者_危险视觉HOPA正式包_V2.0/02_DANGER-B_G05-G07/01_DANGER-B详细危险设计板/DANGER-034_塔架四边形形变_HOPA危险视觉详细设计板.png,,,V2.0,,DANGER-B,已检出,已确认冻结,,摇晃塔架与模块连接站,,
DANGER-035,DANGER-035,danger,施工区越界,方格城,方格城,空间规划危险,已确认冻结,PKG-DANGER-V2.0,星骸拾荒者_危险视觉HOPA正式包_V2.0/05_总清单与封版说明/76项危险视觉正式清单.csv,4b7b69038877e02a03bdb6502b92502e1277a81aa2bdef9feb17f5a0ce8d7276,formal_catalog_entry,DANGER-035,,,formal_row_authoritative,True,True,False,False,DANGER-035,,,星骸拾荒者_危险视觉HOPA正式包_V2.0/02_DANGER-B_G05-G07/01_DANGER-B详细危险设计板/DANGER-035_施工区越界_HOPA危险视觉详细设计板.png,,,V2.0,,DANGER-B,已检出,已确认冻结,,公共广场与模块建造区,,
DANGER-036,DANGER-036,danger,供能网格短路,方格城,方格城,网格连锁危险,已确认冻结,PKG-DANGER-V2.0,星骸拾荒者_危险视觉HOPA正式包_V2.0/05_总清单与封版说明/76项危险视觉正式清单.csv,4b7b69038877e02a03bdb6502b92502e1277a81aa2bdef9feb17f5a0ce8d7276,formal_catalog_entry,DANGER-036,,,formal_row_authoritative,True,True,False,False,DANGER-036,,,星骸拾荒者_危险视觉HOPA正式包_V2.0/02_DANGER-B_G05-G07/01_DANGER-B详细危险设计板/DANGER-036_供能网格短路_HOPA危险视觉详细设计板.png,,,V2.0,,DANGER-B,已检出,已确认冻结,,城市配电格与地下接口,,
DANGER-037,DANGER-037,danger,方格升降台错位,方格城,方格城,高度错位危险,已确认冻结,PKG-DANGER-V2.0,星骸拾荒者_危险视觉HOPA正式包_V2.0/05_总清单与封版说明/76项危险视觉正式清单.csv,4b7b69038877e02a03bdb6502b92502e1277a81aa2bdef9feb17f5a0ce8d7276,formal_catalog_entry,DANGER-037,,,formal_row_authoritative,True,True,False,False,DANGER-037,,,星骸拾荒者_危险视觉HOPA正式包_V2.0/02_DANGER-B_G05-G07/01_DANGER-B详细危险设计板/DANGER-037_方格升降台错位_HOPA危险视觉详细设计板.png,,,V2.0,,DANGER-B,已检出,已确认冻结,,升降平台与多层街区,,
DANGER-038,DANGER-038,danger,应急空地被占,方格城,方格城,城市布局阻塞,已确认冻结,PKG-DANGER-V2.0,星骸拾荒者_危险视觉HOPA正式包_V2.0/05_总清单与封版说明/76项危险视觉正式清单.csv,4b7b69038877e02a03bdb6502b92502e1277a81aa2bdef9feb17f5a0ce8d7276,formal_catalog_entry,DANGER-038,,,formal_row_authoritative,True,True,False,False,DANGER-038,,,星骸拾荒者_危险视觉HOPA正式包_V2.0/02_DANGER-B_G05-G07/01_DANGER-B详细危险设计板/DANGER-038_应急空地被占_HOPA危险视觉详细设计板.png,,,V2.0,,DANGER-B,已检出,已确认冻结,,住宅区、公共广场与救援通道,,
DANGER-039,DANGER-039,danger,摆锤扫过通道,钟摆之城,钟摆之城,周期摆动危险,已确认冻结,PKG-DANGER-V2.0,星骸拾荒者_危险视觉HOPA正式包_V2.0/05_总清单与封版说明/76项危险视觉正式清单.csv,4b7b69038877e02a03bdb6502b92502e1277a81aa2bdef9feb17f5a0ce8d7276,formal_catalog_entry,DANGER-039,,,formal_row_authoritative,True,True,False,False,DANGER-039,,,星骸拾荒者_危险视觉HOPA正式包_V2.0/03_DANGER-C_G08-G10/01_DANGER-C详细危险设计板/DANGER-039_摆锤扫过通道_HOPA危险视觉详细设计板.png,,,V2.0,,DANGER-C,已检出,已确认冻结,,中央钟塔与摆锤桥,,
DANGER-040,DANGER-040,danger,快门夹断,钟摆之城,钟摆之城,开闭节奏危险,已确认冻结,PKG-DANGER-V2.0,星骸拾荒者_危险视觉HOPA正式包_V2.0/05_总清单与封版说明/76项危险视觉正式清单.csv,4b7b69038877e02a03bdb6502b92502e1277a81aa2bdef9feb17f5a0ce8d7276,formal_catalog_entry,DANGER-040,,,formal_row_authoritative,True,True,False,False,DANGER-040,,,星骸拾荒者_危险视觉HOPA正式包_V2.0/03_DANGER-C_G08-G10/01_DANGER-C详细危险设计板/DANGER-040_快门夹断_HOPA危险视觉详细设计板.png,,,V2.0,,DANGER-C,已检出,已确认冻结,,快门工坊与闪现档案柜,,
DANGER-041,DANGER-041,danger,相位门错步,钟摆之城,钟摆之城,相位路线危险,已确认冻结,PKG-DANGER-V2.0,星骸拾荒者_危险视觉HOPA正式包_V2.0/05_总清单与封版说明/76项危险视觉正式清单.csv,4b7b69038877e02a03bdb6502b92502e1277a81aa2bdef9feb17f5a0ce8d7276,formal_catalog_entry,DANGER-041,,,formal_row_authoritative,True,True,False,False,DANGER-041,,,星骸拾荒者_危险视觉HOPA正式包_V2.0/03_DANGER-C_G08-G10/01_DANGER-C详细危险设计板/DANGER-041_相位门错步_HOPA危险视觉详细设计板.png,,,V2.0,,DANGER-C,已检出,已确认冻结,,四相位门与钟摆回廊,,
DANGER-042,DANGER-042,danger,循环重置波,钟摆之城,钟摆之城,场景重置危险,已确认冻结,PKG-DANGER-V2.0,星骸拾荒者_危险视觉HOPA正式包_V2.0/05_总清单与封版说明/76项危险视觉正式清单.csv,4b7b69038877e02a03bdb6502b92502e1277a81aa2bdef9feb17f5a0ce8d7276,formal_catalog_entry,DANGER-042,,,formal_row_authoritative,True,True,False,False,DANGER-042,,,星骸拾荒者_危险视觉HOPA正式包_V2.0/03_DANGER-C_G08-G10/01_DANGER-C详细危险设计板/DANGER-042_循环重置波_HOPA危险视觉详细设计板.png,,,V2.0,,DANGER-C,已检出,已确认冻结,,循环广场与重置钟室,,
DANGER-043,DANGER-043,danger,钟链断裂,钟摆之城,钟摆之城,悬挂结构危险,已确认冻结,PKG-DANGER-V2.0,星骸拾荒者_危险视觉HOPA正式包_V2.0/05_总清单与封版说明/76项危险视觉正式清单.csv,4b7b69038877e02a03bdb6502b92502e1277a81aa2bdef9feb17f5a0ce8d7276,formal_catalog_entry,DANGER-043,,,formal_row_authoritative,True,True,False,False,DANGER-043,,,星骸拾荒者_危险视觉HOPA正式包_V2.0/03_DANGER-C_G08-G10/01_DANGER-C详细危险设计板/DANGER-043_钟链断裂_HOPA危险视觉详细设计板.png,,,V2.0,,DANGER-C,已检出,已确认冻结,,钟塔内部与维修井,,
DANGER-044,DANGER-044,danger,时间记录错位,钟摆之城,钟摆之城,信息错序危险,已确认冻结,PKG-DANGER-V2.0,星骸拾荒者_危险视觉HOPA正式包_V2.0/05_总清单与封版说明/76项危险视觉正式清单.csv,4b7b69038877e02a03bdb6502b92502e1277a81aa2bdef9feb17f5a0ce8d7276,formal_catalog_entry,DANGER-044,,,formal_row_authoritative,True,True,False,False,DANGER-044,,,星骸拾荒者_危险视觉HOPA正式包_V2.0/03_DANGER-C_G08-G10/01_DANGER-C详细危险设计板/DANGER-044_时间记录错位_HOPA危险视觉详细设计板.png,,,V2.0,,DANGER-C,已检出,已确认冻结,,旧档案站与三钟记录台,,
DANGER-045,DANGER-045,danger,非法落子锁格,棋阵卫星,棋阵卫星,规则触发危险,已确认冻结,PKG-DANGER-V2.0,星骸拾荒者_危险视觉HOPA正式包_V2.0/05_总清单与封版说明/76项危险视觉正式清单.csv,4b7b69038877e02a03bdb6502b92502e1277a81aa2bdef9feb17f5a0ce8d7276,formal_catalog_entry,DANGER-045,,,formal_row_authoritative,True,True,False,False,DANGER-045,,,星骸拾荒者_危险视觉HOPA正式包_V2.0/03_DANGER-C_G08-G10/01_DANGER-C详细危险设计板/DANGER-045_非法落子锁格_HOPA危险视觉详细设计板.png,,,V2.0,,DANGER-C,已检出,已确认冻结,,主棋阵与规则碑,,
DANGER-046,DANGER-046,danger,翻面坐标误导,棋阵卫星,棋阵卫星,坐标映射危险,已确认冻结,PKG-DANGER-V2.0,星骸拾荒者_危险视觉HOPA正式包_V2.0/05_总清单与封版说明/76项危险视觉正式清单.csv,4b7b69038877e02a03bdb6502b92502e1277a81aa2bdef9feb17f5a0ce8d7276,formal_catalog_entry,DANGER-046,,,formal_row_authoritative,True,True,False,False,DANGER-046,,,星骸拾荒者_危险视觉HOPA正式包_V2.0/03_DANGER-C_G08-G10/01_DANGER-C详细危险设计板/DANGER-046_翻面坐标误导_HOPA危险视觉详细设计板.png,,,V2.0,,DANGER-C,已检出,已确认冻结,,双面棋盘与反转平台,,
DANGER-047,DANGER-047,danger,双盘连锁越界,棋阵卫星,棋阵卫星,联动越界危险,已确认冻结,PKG-DANGER-V2.0,星骸拾荒者_危险视觉HOPA正式包_V2.0/05_总清单与封版说明/76项危险视觉正式清单.csv,4b7b69038877e02a03bdb6502b92502e1277a81aa2bdef9feb17f5a0ce8d7276,formal_catalog_entry,DANGER-047,,,formal_row_authoritative,True,True,False,False,DANGER-047,,,星骸拾荒者_危险视觉HOPA正式包_V2.0/03_DANGER-C_G08-G10/01_DANGER-C详细危险设计板/DANGER-047_双盘连锁越界_HOPA危险视觉详细设计板.png,,,V2.0,,DANGER-C,已检出,已确认冻结,,主棋盘与影子棋盘,,
DANGER-048,DANGER-048,danger,逻辑门反锁,棋阵卫星,棋阵卫星,规则封锁危险,已确认冻结,PKG-DANGER-V2.0,星骸拾荒者_危险视觉HOPA正式包_V2.0/05_总清单与封版说明/76项危险视觉正式清单.csv,4b7b69038877e02a03bdb6502b92502e1277a81aa2bdef9feb17f5a0ce8d7276,formal_catalog_entry,DANGER-048,,,formal_row_authoritative,True,True,False,False,DANGER-048,,,星骸拾荒者_危险视觉HOPA正式包_V2.0/03_DANGER-C_G08-G10/01_DANGER-C详细危险设计板/DANGER-048_逻辑门反锁_HOPA危险视觉详细设计板.png,,,V2.0,,DANGER-C,已检出,已确认冻结,,逻辑审判台与封锁门,,
DANGER-049,DANGER-049,danger,棋子路径碰撞,棋阵卫星,棋阵卫星,路线冲突危险,已确认冻结,PKG-DANGER-V2.0,星骸拾荒者_危险视觉HOPA正式包_V2.0/05_总清单与封版说明/76项危险视觉正式清单.csv,4b7b69038877e02a03bdb6502b92502e1277a81aa2bdef9feb17f5a0ce8d7276,formal_catalog_entry,DANGER-049,,,formal_row_authoritative,True,True,False,False,DANGER-049,,,星骸拾荒者_危险视觉HOPA正式包_V2.0/03_DANGER-C_G08-G10/01_DANGER-C详细危险设计板/DANGER-049_棋子路径碰撞_HOPA危险视觉详细设计板.png,,,V2.0,,DANGER-C,已检出,已确认冻结,,运输棋盘与狭窄交叉区,,
DANGER-050,DANGER-050,danger,规则碑缺页,棋阵卫星,棋阵卫星,信息缺失危险,已确认冻结,PKG-DANGER-V2.0,星骸拾荒者_危险视觉HOPA正式包_V2.0/05_总清单与封版说明/76项危险视觉正式清单.csv,4b7b69038877e02a03bdb6502b92502e1277a81aa2bdef9feb17f5a0ce8d7276,formal_catalog_entry,DANGER-050,,,formal_row_authoritative,True,True,False,False,DANGER-050,,,星骸拾荒者_危险视觉HOPA正式包_V2.0/03_DANGER-C_G08-G10/01_DANGER-C详细危险设计板/DANGER-050_规则碑缺页_HOPA危险视觉详细设计板.png,,,V2.0,,DANGER-C,已检出,已确认冻结,,规则档案室与主棋阵,,
DANGER-051,DANGER-051,danger,突发侧风,概率云港,概率云港,风向变化危险,已确认冻结,PKG-DANGER-V2.0,星骸拾荒者_危险视觉HOPA正式包_V2.0/05_总清单与封版说明/76项危险视觉正式清单.csv,4b7b69038877e02a03bdb6502b92502e1277a81aa2bdef9feb17f5a0ce8d7276,formal_catalog_entry,DANGER-051,,,formal_row_authoritative,True,True,False,False,DANGER-051,,,星骸拾荒者_危险视觉HOPA正式包_V2.0/03_DANGER-C_G08-G10/01_DANGER-C详细危险设计板/DANGER-051_突发侧风_HOPA危险视觉详细设计板.png,,,V2.0,,DANGER-C,已检出,已确认冻结,,滑翔起点与云桥,,
DANGER-052,DANGER-052,danger,雷暴区扩张,概率云港,概率云港,区域扩张危险,已确认冻结,PKG-DANGER-V2.0,星骸拾荒者_危险视觉HOPA正式包_V2.0/05_总清单与封版说明/76项危险视觉正式清单.csv,4b7b69038877e02a03bdb6502b92502e1277a81aa2bdef9feb17f5a0ce8d7276,formal_catalog_entry,DANGER-052,,,formal_row_authoritative,True,True,False,False,DANGER-052,,,星骸拾荒者_危险视觉HOPA正式包_V2.0/03_DANGER-C_G08-G10/01_DANGER-C详细危险设计板/DANGER-052_雷暴区扩张_HOPA危险视觉详细设计板.png,,,V2.0,,DANGER-C,已检出,已确认冻结,,天气观测台与航线大厅,,
DANGER-053,DANGER-053,danger,货箱抽样偏差,概率云港,概率云港,调查误判危险,已确认冻结,PKG-DANGER-V2.0,星骸拾荒者_危险视觉HOPA正式包_V2.0/05_总清单与封版说明/76项危险视觉正式清单.csv,4b7b69038877e02a03bdb6502b92502e1277a81aa2bdef9feb17f5a0ce8d7276,formal_catalog_entry,DANGER-053,,,formal_row_authoritative,True,True,False,False,DANGER-053,,,星骸拾荒者_危险视觉HOPA正式包_V2.0/03_DANGER-C_G08-G10/01_DANGER-C详细危险设计板/DANGER-053_货箱抽样偏差_HOPA危险视觉详细设计板.png,,,V2.0,,DANGER-C,已检出,已确认冻结,,浮空仓库与检验台,,
DANGER-054,DANGER-054,danger,云门风险叠加,概率云港,概率云港,组合风险危险,已确认冻结,PKG-DANGER-V2.0,星骸拾荒者_危险视觉HOPA正式包_V2.0/05_总清单与封版说明/76项危险视觉正式清单.csv,4b7b69038877e02a03bdb6502b92502e1277a81aa2bdef9feb17f5a0ce8d7276,formal_catalog_entry,DANGER-054,,,formal_row_authoritative,True,True,False,False,DANGER-054,,,星骸拾荒者_危险视觉HOPA正式包_V2.0/03_DANGER-C_G08-G10/01_DANGER-C详细危险设计板/DANGER-054_云门风险叠加_HOPA危险视觉详细设计板.png,,,V2.0,,DANGER-C,已检出,已确认冻结,,三道概率门与候机平台,,
DANGER-055,DANGER-055,danger,设备置信度失真,概率云港,概率云港,数据质量危险,已确认冻结,PKG-DANGER-V2.0,星骸拾荒者_危险视觉HOPA正式包_V2.0/05_总清单与封版说明/76项危险视觉正式清单.csv,4b7b69038877e02a03bdb6502b92502e1277a81aa2bdef9feb17f5a0ce8d7276,formal_catalog_entry,DANGER-055,,,formal_row_authoritative,True,True,False,False,DANGER-055,,,星骸拾荒者_危险视觉HOPA正式包_V2.0/03_DANGER-C_G08-G10/01_DANGER-C详细危险设计板/DANGER-055_设备置信度失真_HOPA危险视觉详细设计板.png,,,V2.0,,DANGER-C,已检出,已确认冻结,,数据预测台与传感器阵列,,
DANGER-056,DANGER-056,danger,浮空平台偏航,概率云港,概率云港,姿态失稳危险,已确认冻结,PKG-DANGER-V2.0,星骸拾荒者_危险视觉HOPA正式包_V2.0/05_总清单与封版说明/76项危险视觉正式清单.csv,4b7b69038877e02a03bdb6502b92502e1277a81aa2bdef9feb17f5a0ce8d7276,formal_catalog_entry,DANGER-056,,,formal_row_authoritative,True,True,False,False,DANGER-056,,,星骸拾荒者_危险视觉HOPA正式包_V2.0/03_DANGER-C_G08-G10/01_DANGER-C详细危险设计板/DANGER-056_浮空平台偏航_HOPA危险视觉详细设计板.png,,,V2.0,,DANGER-C,已检出,已确认冻结,,候机平台与风暴边缘,,
DANGER-057,DANGER-057,danger,错误天气决策,概率云港,概率云港,决策后果危险,已确认冻结,PKG-DANGER-V2.0,星骸拾荒者_危险视觉HOPA正式包_V2.0/05_总清单与封版说明/76项危险视觉正式清单.csv,4b7b69038877e02a03bdb6502b92502e1277a81aa2bdef9feb17f5a0ce8d7276,formal_catalog_entry,DANGER-057,,,formal_row_authoritative,True,True,False,False,DANGER-057,,,星骸拾荒者_危险视觉HOPA正式包_V2.0/03_DANGER-C_G08-G10/01_DANGER-C详细危险设计板/DANGER-057_错误天气决策_HOPA危险视觉详细设计板.png,,,V2.0,,DANGER-C,已检出,已确认冻结,,航线大厅与避风港,,
DANGER-058,DANGER-058,danger,机械臂关节卡滞,立体工厂,立体工厂,关节失控危险,已确认冻结,PKG-DANGER-V2.0,星骸拾荒者_危险视觉HOPA正式包_V2.0/05_总清单与封版说明/76项危险视觉正式清单.csv,4b7b69038877e02a03bdb6502b92502e1277a81aa2bdef9feb17f5a0ce8d7276,formal_catalog_entry,DANGER-058,,,formal_row_authoritative,True,True,False,False,DANGER-058,,,星骸拾荒者_危险视觉HOPA正式包_V2.0/04_DANGER-D_G11-G13/01_DANGER-D详细危险设计板/DANGER-058_机械臂关节卡滞_HOPA危险视觉详细设计板.png,,,V2.0,,DANGER-D,已检出,已确认冻结,,机械臂井与狭窄管廊,,
DANGER-059,DANGER-059,danger,装配件坠落,立体工厂,立体工厂,悬挂落物危险,已确认冻结,PKG-DANGER-V2.0,星骸拾荒者_危险视觉HOPA正式包_V2.0/05_总清单与封版说明/76项危险视觉正式清单.csv,4b7b69038877e02a03bdb6502b92502e1277a81aa2bdef9feb17f5a0ce8d7276,formal_catalog_entry,DANGER-059,,,formal_row_authoritative,True,True,False,False,DANGER-059,,,星骸拾荒者_危险视觉HOPA正式包_V2.0/04_DANGER-D_G11-G13/01_DANGER-D详细危险设计板/DANGER-059_装配件坠落_HOPA危险视觉详细设计板.png,,,V2.0,,DANGER-D,已检出,已确认冻结,,装配大厅与顶部吊轨,,
DANGER-060,DANGER-060,danger,空间箱过度压缩,立体工厂,立体工厂,空间冲突危险,已确认冻结,PKG-DANGER-V2.0,星骸拾荒者_危险视觉HOPA正式包_V2.0/05_总清单与封版说明/76项危险视觉正式清单.csv,4b7b69038877e02a03bdb6502b92502e1277a81aa2bdef9feb17f5a0ce8d7276,formal_catalog_entry,DANGER-060,,,formal_row_authoritative,True,True,False,False,DANGER-060,,,星骸拾荒者_危险视觉HOPA正式包_V2.0/04_DANGER-D_G11-G13/01_DANGER-D详细危险设计板/DANGER-060_空间箱过度压缩_HOPA危险视觉详细设计板.png,,,V2.0,,DANGER-D,已检出,已确认冻结,,折叠箱台与模块仓,,
DANGER-061,DANGER-061,danger,三视图误配,立体工厂,立体工厂,空间辨识危险,已确认冻结,PKG-DANGER-V2.0,星骸拾荒者_危险视觉HOPA正式包_V2.0/05_总清单与封版说明/76项危险视觉正式清单.csv,4b7b69038877e02a03bdb6502b92502e1277a81aa2bdef9feb17f5a0ce8d7276,formal_catalog_entry,DANGER-061,,,formal_row_authoritative,True,True,False,False,DANGER-061,,,星骸拾荒者_危险视觉HOPA正式包_V2.0/04_DANGER-D_G11-G13/01_DANGER-D详细危险设计板/DANGER-061_三视图误配_HOPA危险视觉详细设计板.png,,,V2.0,,DANGER-D,已检出,已确认冻结,,剖面观察台与零件库,,
DANGER-062,DANGER-062,danger,冲击台过载,立体工厂,立体工厂,受力超限危险,已确认冻结,PKG-DANGER-V2.0,星骸拾荒者_危险视觉HOPA正式包_V2.0/05_总清单与封版说明/76项危险视觉正式清单.csv,4b7b69038877e02a03bdb6502b92502e1277a81aa2bdef9feb17f5a0ce8d7276,formal_catalog_entry,DANGER-062,,,formal_row_authoritative,True,True,False,False,DANGER-062,,,星骸拾荒者_危险视觉HOPA正式包_V2.0/04_DANGER-D_G11-G13/01_DANGER-D详细危险设计板/DANGER-062_冲击台过载_HOPA危险视觉详细设计板.png,,,V2.0,,DANGER-D,已检出,已确认冻结,,冲击试验台与护盾站,,
DANGER-063,DANGER-063,danger,内部管廊错层,立体工厂,立体工厂,深度误判危险,已确认冻结,PKG-DANGER-V2.0,星骸拾荒者_危险视觉HOPA正式包_V2.0/05_总清单与封版说明/76项危险视觉正式清单.csv,4b7b69038877e02a03bdb6502b92502e1277a81aa2bdef9feb17f5a0ce8d7276,formal_catalog_entry,DANGER-063,,,formal_row_authoritative,True,True,False,False,DANGER-063,,,星骸拾荒者_危险视觉HOPA正式包_V2.0/04_DANGER-D_G11-G13/01_DANGER-D详细危险设计板/DANGER-063_内部管廊错层_HOPA危险视觉详细设计板.png,,,V2.0,,DANGER-D,已检出,已确认冻结,,内部维修舱与多层管廊,,
DANGER-064,DANGER-064,danger,工序依赖断链,百工星环,百工星环,流程阻塞危险,已确认冻结,PKG-DANGER-V2.0,星骸拾荒者_危险视觉HOPA正式包_V2.0/05_总清单与封版说明/76项危险视觉正式清单.csv,4b7b69038877e02a03bdb6502b92502e1277a81aa2bdef9feb17f5a0ce8d7276,formal_catalog_entry,DANGER-064,,,formal_row_authoritative,True,True,False,False,DANGER-064,,,星骸拾荒者_危险视觉HOPA正式包_V2.0/04_DANGER-D_G11-G13/01_DANGER-D详细危险设计板/DANGER-064_工序依赖断链_HOPA危险视觉详细设计板.png,,,V2.0,,DANGER-D,已检出,已确认冻结,,工程大厅与任务墙,,
DANGER-065,DANGER-065,danger,接口负载超限,百工星环,百工星环,电气超载危险,已确认冻结,PKG-DANGER-V2.0,星骸拾荒者_危险视觉HOPA正式包_V2.0/05_总清单与封版说明/76项危险视觉正式清单.csv,4b7b69038877e02a03bdb6502b92502e1277a81aa2bdef9feb17f5a0ce8d7276,formal_catalog_entry,DANGER-065,,,formal_row_authoritative,True,True,False,False,DANGER-065,,,星骸拾荒者_危险视觉HOPA正式包_V2.0/04_DANGER-D_G11-G13/01_DANGER-D详细危险设计板/DANGER-065_接口负载超限_HOPA危险视觉详细设计板.png,,,V2.0,,DANGER-D,已检出,已确认冻结,,接口仓与供能主干,,
DANGER-066,DANGER-066,danger,风暴翼失衡,百工星环,百工星环,姿态失稳危险,已确认冻结,PKG-DANGER-V2.0,星骸拾荒者_危险视觉HOPA正式包_V2.0/05_总清单与封版说明/76项危险视觉正式清单.csv,4b7b69038877e02a03bdb6502b92502e1277a81aa2bdef9feb17f5a0ce8d7276,formal_catalog_entry,DANGER-066,,,formal_row_authoritative,True,True,False,False,DANGER-066,,,星骸拾荒者_危险视觉HOPA正式包_V2.0/04_DANGER-D_G11-G13/01_DANGER-D详细危险设计板/DANGER-066_风暴翼失衡_HOPA危险视觉详细设计板.png,,,V2.0,,DANGER-D,已检出,已确认冻结,,外环维修台与稳定翼阵,,
DANGER-067,DANGER-067,danger,工具头误用,百工星环,百工星环,工序工具危险,已确认冻结,PKG-DANGER-V2.0,星骸拾荒者_危险视觉HOPA正式包_V2.0/05_总清单与封版说明/76项危险视觉正式清单.csv,4b7b69038877e02a03bdb6502b92502e1277a81aa2bdef9feb17f5a0ce8d7276,formal_catalog_entry,DANGER-067,,,formal_row_authoritative,True,True,False,False,DANGER-067,,,星骸拾荒者_危险视觉HOPA正式包_V2.0/04_DANGER-D_G11-G13/01_DANGER-D详细危险设计板/DANGER-067_工具头误用_HOPA危险视觉详细设计板.png,,,V2.0,,DANGER-D,已检出,已确认冻结,,综合工程臂与维修节点,,
DANGER-068,DANGER-068,danger,质量闭环缺证,百工星环,百工星环,证据缺失危险,已确认冻结,PKG-DANGER-V2.0,星骸拾荒者_危险视觉HOPA正式包_V2.0/05_总清单与封版说明/76项危险视觉正式清单.csv,4b7b69038877e02a03bdb6502b92502e1277a81aa2bdef9feb17f5a0ce8d7276,formal_catalog_entry,DANGER-068,,,formal_row_authoritative,True,True,False,False,DANGER-068,,,星骸拾荒者_危险视觉HOPA正式包_V2.0/04_DANGER-D_G11-G13/01_DANGER-D详细危险设计板/DANGER-068_质量闭环缺证_HOPA危险视觉详细设计板.png,,,V2.0,,DANGER-D,已检出,已确认冻结,,验收台与缺陷档案墙,,
DANGER-069,DANGER-069,danger,外环维修窗口关闭,百工星环,百工星环,时间窗口危险,已确认冻结,PKG-DANGER-V2.0,星骸拾荒者_危险视觉HOPA正式包_V2.0/05_总清单与封版说明/76项危险视觉正式清单.csv,4b7b69038877e02a03bdb6502b92502e1277a81aa2bdef9feb17f5a0ce8d7276,formal_catalog_entry,DANGER-069,,,formal_row_authoritative,True,True,False,False,DANGER-069,,,星骸拾荒者_危险视觉HOPA正式包_V2.0/04_DANGER-D_G11-G13/01_DANGER-D详细危险设计板/DANGER-069_外环维修窗口关闭_HOPA危险视觉详细设计板.png,,,V2.0,,DANGER-D,已检出,已确认冻结,,风暴走廊与外环节点,,
DANGER-070,DANGER-070,danger,十二节点反向串联,零号地球,零号地球,终局依赖危险,已确认冻结,PKG-DANGER-V2.0,星骸拾荒者_危险视觉HOPA正式包_V2.0/05_总清单与封版说明/76项危险视觉正式清单.csv,4b7b69038877e02a03bdb6502b92502e1277a81aa2bdef9feb17f5a0ce8d7276,formal_catalog_entry,DANGER-070,,,formal_row_authoritative,True,True,False,False,DANGER-070,,,星骸拾荒者_危险视觉HOPA正式包_V2.0/04_DANGER-D_G11-G13/01_DANGER-D详细危险设计板/DANGER-070_十二节点反向串联_HOPA危险视觉详细设计板.png,,,V2.0,,DANGER-D,已检出,已确认冻结,,地球核心厅与修复环,,
DANGER-071,DANGER-071,danger,种子舱环境失配,零号地球,零号地球,生态条件危险,已确认冻结,PKG-DANGER-V2.0,星骸拾荒者_危险视觉HOPA正式包_V2.0/05_总清单与封版说明/76项危险视觉正式清单.csv,4b7b69038877e02a03bdb6502b92502e1277a81aa2bdef9feb17f5a0ce8d7276,formal_catalog_entry,DANGER-071,,,formal_row_authoritative,True,True,False,False,DANGER-071,,,星骸拾荒者_危险视觉HOPA正式包_V2.0/04_DANGER-D_G11-G13/01_DANGER-D详细危险设计板/DANGER-071_种子舱环境失配_HOPA危险视觉详细设计板.png,,,V2.0,,DANGER-D,已检出,已确认冻结,,文明种子舱与环境控制室,,
DANGER-072,DANGER-072,danger,档案真相错拼,零号地球,零号地球,证据错序危险,已确认冻结,PKG-DANGER-V2.0,星骸拾荒者_危险视觉HOPA正式包_V2.0/05_总清单与封版说明/76项危险视觉正式清单.csv,4b7b69038877e02a03bdb6502b92502e1277a81aa2bdef9feb17f5a0ce8d7276,formal_catalog_entry,DANGER-072,,,formal_row_authoritative,True,True,False,False,DANGER-072,,,星骸拾荒者_危险视觉HOPA正式包_V2.0/04_DANGER-D_G11-G13/01_DANGER-D详细危险设计板/DANGER-072_档案真相错拼_HOPA危险视觉详细设计板.png,,,V2.0,,DANGER-D,已检出,已确认冻结,,破碎档案馆与记忆镜墙,,
DANGER-073,DANGER-073,danger,核心接口锈死,零号地球,零号地球,机械锁死危险,已确认冻结,PKG-DANGER-V2.0,星骸拾荒者_危险视觉HOPA正式包_V2.0/05_总清单与封版说明/76项危险视觉正式清单.csv,4b7b69038877e02a03bdb6502b92502e1277a81aa2bdef9feb17f5a0ce8d7276,formal_catalog_entry,DANGER-073,,,formal_row_authoritative,True,True,False,False,DANGER-073,,,星骸拾荒者_危险视觉HOPA正式包_V2.0/04_DANGER-D_G11-G13/01_DANGER-D详细危险设计板/DANGER-073_核心接口锈死_HOPA危险视觉详细设计板.png,,,V2.0,,DANGER-D,已检出,已确认冻结,,旧式机房与手动维修台,,
DANGER-074,DANGER-074,danger,修复能量回流,零号地球,零号地球,能量回流危险,已确认冻结,PKG-DANGER-V2.0,星骸拾荒者_危险视觉HOPA正式包_V2.0/05_总清单与封版说明/76项危险视觉正式清单.csv,4b7b69038877e02a03bdb6502b92502e1277a81aa2bdef9feb17f5a0ce8d7276,formal_catalog_entry,DANGER-074,,,formal_row_authoritative,True,True,False,False,DANGER-074,,,星骸拾荒者_危险视觉HOPA正式包_V2.0/04_DANGER-D_G11-G13/01_DANGER-D详细危险设计板/DANGER-074_修复能量回流_HOPA危险视觉详细设计板.png,,,V2.0,,DANGER-D,已检出,已确认冻结,,修复环与能量主干,,
DANGER-075,DANGER-075,danger,生态舱连锁失衡,零号地球,零号地球,系统连锁危险,已确认冻结,PKG-DANGER-V2.0,星骸拾荒者_危险视觉HOPA正式包_V2.0/05_总清单与封版说明/76项危险视觉正式清单.csv,4b7b69038877e02a03bdb6502b92502e1277a81aa2bdef9feb17f5a0ce8d7276,formal_catalog_entry,DANGER-075,,,formal_row_authoritative,True,True,False,False,DANGER-075,,,星骸拾荒者_危险视觉HOPA正式包_V2.0/04_DANGER-D_G11-G13/01_DANGER-D详细危险设计板/DANGER-075_生态舱连锁失衡_HOPA危险视觉详细设计板.png,,,V2.0,,DANGER-D,已检出,已确认冻结,,生态观察窗与环境控制室,,
DANGER-076,DANGER-076,danger,最终启动误判,零号地球,零号地球,终局决策危险,已确认冻结,PKG-DANGER-V2.0,星骸拾荒者_危险视觉HOPA正式包_V2.0/05_总清单与封版说明/76项危险视觉正式清单.csv,4b7b69038877e02a03bdb6502b92502e1277a81aa2bdef9feb17f5a0ce8d7276,formal_catalog_entry,DANGER-076,,,formal_row_authoritative,True,True,False,False,DANGER-076,,,星骸拾荒者_危险视觉HOPA正式包_V2.0/04_DANGER-D_G11-G13/01_DANGER-D详细危险设计板/DANGER-076_最终启动误判_HOPA危险视觉详细设计板.png,,,V2.0,,DANGER-D,已检出,已确认冻结,,启动平台与最终档案门,,
SCENE-G01-001,SCENE-G01-001,g01_addition,拾光号维修舱（断电/恢复）,G01,G01序章,场景,正式新增,PKG-G01-V3.0,星骸拾荒者_G01序章全量补齐与G01-G13整合正式包_V3.0/02_G01美术资产/02_美术资产清单/星骸拾荒者_G01序章美术资产清单_V3.0.xlsx,57795a0911b9659f923f6f89915df82373afb5b528bc5769d3aeb4fdff356f18,formal_catalog_entry,SCENE-G01-001,,,formal_V3.0_catalog,True,True,False,False,SCENE-G01-001,,,星骸拾荒者_G01序章全量补齐与G01-G13整合正式包_V3.0/02_G01美术资产/01_概念设计板/G01序章场景概念设计总览.png,,,,,,,,,,2状态,复用拾光号旧机械/档案纸/低饱和金属风格
SCENE-G01-002,SCENE-G01-002,g01_addition,导航核心舱（七码离线/上线）,G01,G01序章,场景,正式新增,PKG-G01-V3.0,星骸拾荒者_G01序章全量补齐与G01-G13整合正式包_V3.0/02_G01美术资产/02_美术资产清单/星骸拾荒者_G01序章美术资产清单_V3.0.xlsx,57795a0911b9659f923f6f89915df82373afb5b528bc5769d3aeb4fdff356f18,formal_catalog_entry,SCENE-G01-002,,,formal_V3.0_catalog,True,True,False,False,SCENE-G01-002,,,星骸拾荒者_G01序章全量补齐与G01-G13整合正式包_V3.0/02_G01美术资产/01_概念设计板/G01序章场景概念设计总览.png,,,,,,,,,,2状态,复用拾光号旧机械/档案纸/低饱和金属风格
SCENE-G01-003,SCENE-G01-003,g01_addition,中控任务台与船内地图,G01,G01序章,场景,正式新增,PKG-G01-V3.0,星骸拾荒者_G01序章全量补齐与G01-G13整合正式包_V3.0/02_G01美术资产/02_美术资产清单/星骸拾荒者_G01序章美术资产清单_V3.0.xlsx,57795a0911b9659f923f6f89915df82373afb5b528bc5769d3aeb4fdff356f18,formal_catalog_entry,SCENE-G01-003,,,formal_V3.0_catalog,True,True,False,False,SCENE-G01-003,,,星骸拾荒者_G01序章全量补齐与G01-G13整合正式包_V3.0/02_G01美术资产/01_概念设计板/G01序章场景概念设计总览.png,,,,,,,,,,2状态,复用拾光号旧机械/档案纸/低饱和金属风格
SCENE-G01-004,SCENE-G01-004,g01_addition,货舱裂口（漏气/复压）,G01,G01序章,场景,正式新增,PKG-G01-V3.0,星骸拾荒者_G01序章全量补齐与G01-G13整合正式包_V3.0/02_G01美术资产/02_美术资产清单/星骸拾荒者_G01序章美术资产清单_V3.0.xlsx,57795a0911b9659f923f6f89915df82373afb5b528bc5769d3aeb4fdff356f18,formal_catalog_entry,SCENE-G01-004,,,formal_V3.0_catalog,True,True,False,False,SCENE-G01-004,,,星骸拾荒者_G01序章全量补齐与G01-G13整合正式包_V3.0/02_G01美术资产/01_概念设计板/G01序章场景概念设计总览.png,,,,,,,,,,2状态,复用拾光号旧机械/档案纸/低饱和金属风格
SCENE-G01-005,SCENE-G01-005,g01_addition,导航星图室（缺口/恢复）,G01,G01序章,场景,正式新增,PKG-G01-V3.0,星骸拾荒者_G01序章全量补齐与G01-G13整合正式包_V3.0/02_G01美术资产/02_美术资产清单/星骸拾荒者_G01序章美术资产清单_V3.0.xlsx,57795a0911b9659f923f6f89915df82373afb5b528bc5769d3aeb4fdff356f18,formal_catalog_entry,SCENE-G01-005,,,formal_V3.0_catalog,True,True,False,False,SCENE-G01-005,,,星骸拾荒者_G01序章全量补齐与G01-G13整合正式包_V3.0/02_G01美术资产/01_概念设计板/G01序章场景概念设计总览.png,,,,,,,,,,2状态,复用拾光号旧机械/档案纸/低饱和金属风格
SCENE-G01-006,SCENE-G01-006,g01_addition,垃圾雨航线驾驶舱,G01,G01序章,场景,正式新增,PKG-G01-V3.0,星骸拾荒者_G01序章全量补齐与G01-G13整合正式包_V3.0/02_G01美术资产/02_美术资产清单/星骸拾荒者_G01序章美术资产清单_V3.0.xlsx,57795a0911b9659f923f6f89915df82373afb5b528bc5769d3aeb4fdff356f18,formal_catalog_entry,SCENE-G01-006,,,formal_V3.0_catalog,True,True,False,False,SCENE-G01-006,,,星骸拾荒者_G01序章全量补齐与G01-G13整合正式包_V3.0/02_G01美术资产/01_概念设计板/G01序章场景概念设计总览.png,,,,,,,,,,2状态,复用拾光号旧机械/档案纸/低饱和金属风格
SCENE-G01-007,SCENE-G01-007,g01_addition,远距观测窗与求救波形,G01,G01序章,场景,正式新增,PKG-G01-V3.0,星骸拾荒者_G01序章全量补齐与G01-G13整合正式包_V3.0/02_G01美术资产/02_美术资产清单/星骸拾荒者_G01序章美术资产清单_V3.0.xlsx,57795a0911b9659f923f6f89915df82373afb5b528bc5769d3aeb4fdff356f18,formal_catalog_entry,SCENE-G01-007,,,formal_V3.0_catalog,True,True,False,False,SCENE-G01-007,,,星骸拾荒者_G01序章全量补齐与G01-G13整合正式包_V3.0/02_G01美术资产/01_概念设计板/G01序章场景概念设计总览.png,,,,,,,,,,2状态,复用拾光号旧机械/档案纸/低饱和金属风格
SCENE-G01-008,SCENE-G01-008,g01_addition,锈环星近地落点交接,G01,G01序章,场景,正式新增,PKG-G01-V3.0,星骸拾荒者_G01序章全量补齐与G01-G13整合正式包_V3.0/02_G01美术资产/02_美术资产清单/星骸拾荒者_G01序章美术资产清单_V3.0.xlsx,57795a0911b9659f923f6f89915df82373afb5b528bc5769d3aeb4fdff356f18,formal_catalog_entry,SCENE-G01-008,,,formal_V3.0_catalog,True,True,False,False,SCENE-G01-008,,,星骸拾荒者_G01序章全量补齐与G01-G13整合正式包_V3.0/02_G01美术资产/01_概念设计板/G01序章场景概念设计总览.png,,,,,,,,,,2状态,复用拾光号旧机械/档案纸/低饱和金属风格
PROP-G01-001,PROP-G01-001,g01_addition,应急手灯,G01,G01序章,道具,正式新增,PKG-G01-V3.0,星骸拾荒者_G01序章全量补齐与G01-G13整合正式包_V3.0/02_G01美术资产/02_美术资产清单/星骸拾荒者_G01序章美术资产清单_V3.0.xlsx,57795a0911b9659f923f6f89915df82373afb5b528bc5769d3aeb4fdff356f18,formal_catalog_entry,PROP-G01-001,,,formal_V3.0_catalog,True,True,False,False,PROP-G01-001,,,星骸拾荒者_G01序章全量补齐与G01-G13整合正式包_V3.0/02_G01美术资产/01_概念设计板/G01序章道具与效果设计总览.png,,,,,,,,,,背包图标＋场景状态,遵循道具包V3.0轮廓与材质
PROP-G01-002,PROP-G01-002,g01_addition,临时保险丝,G01,G01序章,道具,正式新增,PKG-G01-V3.0,星骸拾荒者_G01序章全量补齐与G01-G13整合正式包_V3.0/02_G01美术资产/02_美术资产清单/星骸拾荒者_G01序章美术资产清单_V3.0.xlsx,57795a0911b9659f923f6f89915df82373afb5b528bc5769d3aeb4fdff356f18,formal_catalog_entry,PROP-G01-002,,,formal_V3.0_catalog,True,True,False,False,PROP-G01-002,,,星骸拾荒者_G01序章全量补齐与G01-G13整合正式包_V3.0/02_G01美术资产/01_概念设计板/G01序章道具与效果设计总览.png,,,,,,,,,,背包图标＋场景状态,遵循道具包V3.0轮廓与材质
PROP-G01-003,PROP-G01-003,g01_addition,旧扳手,G01,G01序章,道具,正式新增,PKG-G01-V3.0,星骸拾荒者_G01序章全量补齐与G01-G13整合正式包_V3.0/02_G01美术资产/02_美术资产清单/星骸拾荒者_G01序章美术资产清单_V3.0.xlsx,57795a0911b9659f923f6f89915df82373afb5b528bc5769d3aeb4fdff356f18,formal_catalog_entry,PROP-G01-003,,,formal_V3.0_catalog,True,True,False,False,PROP-G01-003,,,星骸拾荒者_G01序章全量补齐与G01-G13整合正式包_V3.0/02_G01美术资产/01_概念设计板/G01序章道具与效果设计总览.png,,,,,,,,,,背包图标＋场景状态,遵循道具包V3.0轮廓与材质
PROP-G01-004,PROP-G01-004,g01_addition,七码芯片,G01,G01序章,道具,正式新增,PKG-G01-V3.0,星骸拾荒者_G01序章全量补齐与G01-G13整合正式包_V3.0/02_G01美术资产/02_美术资产清单/星骸拾荒者_G01序章美术资产清单_V3.0.xlsx,57795a0911b9659f923f6f89915df82373afb5b528bc5769d3aeb4fdff356f18,formal_catalog_entry,PROP-G01-004,,,formal_V3.0_catalog,True,True,False,False,PROP-G01-004,,,星骸拾荒者_G01序章全量补齐与G01-G13整合正式包_V3.0/02_G01美术资产/01_概念设计板/G01序章道具与效果设计总览.png,,,,,,,,,,背包图标＋场景状态,遵循道具包V3.0轮廓与材质
PROP-G01-005,PROP-G01-005,g01_addition,接线片,G01,G01序章,道具,正式新增,PKG-G01-V3.0,星骸拾荒者_G01序章全量补齐与G01-G13整合正式包_V3.0/02_G01美术资产/02_美术资产清单/星骸拾荒者_G01序章美术资产清单_V3.0.xlsx,57795a0911b9659f923f6f89915df82373afb5b528bc5769d3aeb4fdff356f18,formal_catalog_entry,PROP-G01-005,,,formal_V3.0_catalog,True,True,False,False,PROP-G01-005,,,星骸拾荒者_G01序章全量补齐与G01-G13整合正式包_V3.0/02_G01美术资产/01_概念设计板/G01序章道具与效果设计总览.png,,,,,,,,,,背包图标＋场景状态,遵循道具包V3.0轮廓与材质
PROP-G01-006,PROP-G01-006,g01_addition,金属补片,G01,G01序章,道具,正式新增,PKG-G01-V3.0,星骸拾荒者_G01序章全量补齐与G01-G13整合正式包_V3.0/02_G01美术资产/02_美术资产清单/星骸拾荒者_G01序章美术资产清单_V3.0.xlsx,57795a0911b9659f923f6f89915df82373afb5b528bc5769d3aeb4fdff356f18,formal_catalog_entry,PROP-G01-006,,,formal_V3.0_catalog,True,True,False,False,PROP-G01-006,,,星骸拾荒者_G01序章全量补齐与G01-G13整合正式包_V3.0/02_G01美术资产/01_概念设计板/G01序章道具与效果设计总览.png,,,,,,,,,,背包图标＋场景状态,遵循道具包V3.0轮廓与材质
PROP-G01-007,PROP-G01-007,g01_addition,密封胶带,G01,G01序章,道具,正式新增,PKG-G01-V3.0,星骸拾荒者_G01序章全量补齐与G01-G13整合正式包_V3.0/02_G01美术资产/02_美术资产清单/星骸拾荒者_G01序章美术资产清单_V3.0.xlsx,57795a0911b9659f923f6f89915df82373afb5b528bc5769d3aeb4fdff356f18,formal_catalog_entry,PROP-G01-007,,,formal_V3.0_catalog,True,True,False,False,PROP-G01-007,,,星骸拾荒者_G01序章全量补齐与G01-G13整合正式包_V3.0/02_G01美术资产/01_概念设计板/G01序章道具与效果设计总览.png,,,,,,,,,,背包图标＋场景状态,遵循道具包V3.0轮廓与材质
PROP-G01-008,PROP-G01-008,g01_addition,压力表,G01,G01序章,道具,正式新增,PKG-G01-V3.0,星骸拾荒者_G01序章全量补齐与G01-G13整合正式包_V3.0/02_G01美术资产/02_美术资产清单/星骸拾荒者_G01序章美术资产清单_V3.0.xlsx,57795a0911b9659f923f6f89915df82373afb5b528bc5769d3aeb4fdff356f18,formal_catalog_entry,PROP-G01-008,,,formal_V3.0_catalog,True,True,False,False,PROP-G01-008,,,星骸拾荒者_G01序章全量补齐与G01-G13整合正式包_V3.0/02_G01美术资产/01_概念设计板/G01序章道具与效果设计总览.png,,,,,,,,,,背包图标＋场景状态,遵循道具包V3.0轮廓与材质
PROP-G01-009,PROP-G01-009,g01_addition,星图碎片组,G01,G01序章,道具,正式新增,PKG-G01-V3.0,星骸拾荒者_G01序章全量补齐与G01-G13整合正式包_V3.0/02_G01美术资产/02_美术资产清单/星骸拾荒者_G01序章美术资产清单_V3.0.xlsx,57795a0911b9659f923f6f89915df82373afb5b528bc5769d3aeb4fdff356f18,formal_catalog_entry,PROP-G01-009,,,formal_V3.0_catalog,True,True,False,False,PROP-G01-009,,,星骸拾荒者_G01序章全量补齐与G01-G13整合正式包_V3.0/02_G01美术资产/01_概念设计板/G01序章道具与效果设计总览.png,,,,,,,,,,背包图标＋场景状态,遵循道具包V3.0轮廓与材质
PROP-G01-010,PROP-G01-010,g01_addition,坐标标记,G01,G01序章,道具,正式新增,PKG-G01-V3.0,星骸拾荒者_G01序章全量补齐与G01-G13整合正式包_V3.0/02_G01美术资产/02_美术资产清单/星骸拾荒者_G01序章美术资产清单_V3.0.xlsx,57795a0911b9659f923f6f89915df82373afb5b528bc5769d3aeb4fdff356f18,formal_catalog_entry,PROP-G01-010,,,formal_V3.0_catalog,True,True,False,False,PROP-G01-010,,,星骸拾荒者_G01序章全量补齐与G01-G13整合正式包_V3.0/02_G01美术资产/01_概念设计板/G01序章道具与效果设计总览.png,,,,,,,,,,背包图标＋场景状态,遵循道具包V3.0轮廓与材质
PROP-G01-011,PROP-G01-011,g01_addition,推进器旁路片,G01,G01序章,道具,正式新增,PKG-G01-V3.0,星骸拾荒者_G01序章全量补齐与G01-G13整合正式包_V3.0/02_G01美术资产/02_美术资产清单/星骸拾荒者_G01序章美术资产清单_V3.0.xlsx,57795a0911b9659f923f6f89915df82373afb5b528bc5769d3aeb4fdff356f18,formal_catalog_entry,PROP-G01-011,,,formal_V3.0_catalog,True,True,False,False,PROP-G01-011,,,星骸拾荒者_G01序章全量补齐与G01-G13整合正式包_V3.0/02_G01美术资产/01_概念设计板/G01序章道具与效果设计总览.png,,,,,,,,,,背包图标＋场景状态,遵循道具包V3.0轮廓与材质
PROP-G01-012,PROP-G01-012,g01_addition,能力授权片,G01,G01序章,道具,正式新增,PKG-G01-V3.0,星骸拾荒者_G01序章全量补齐与G01-G13整合正式包_V3.0/02_G01美术资产/02_美术资产清单/星骸拾荒者_G01序章美术资产清单_V3.0.xlsx,57795a0911b9659f923f6f89915df82373afb5b528bc5769d3aeb4fdff356f18,formal_catalog_entry,PROP-G01-012,,,formal_V3.0_catalog,True,True,False,False,PROP-G01-012,,,星骸拾荒者_G01序章全量补齐与G01-G13整合正式包_V3.0/02_G01美术资产/01_概念设计板/G01序章道具与效果设计总览.png,,,,,,,,,,背包图标＋场景状态,遵循道具包V3.0轮廓与材质
FX-G01-001,FX-G01-001,g01_addition,应急照明恢复,G01,G01序章,效果,正式新增,PKG-G01-V3.0,星骸拾荒者_G01序章全量补齐与G01-G13整合正式包_V3.0/02_G01美术资产/02_美术资产清单/星骸拾荒者_G01序章美术资产清单_V3.0.xlsx,57795a0911b9659f923f6f89915df82373afb5b528bc5769d3aeb4fdff356f18,formal_catalog_entry,FX-G01-001,,,formal_V3.0_catalog,True,True,False,False,FX-G01-001,,,星骸拾荒者_G01序章全量补齐与G01-G13整合正式包_V3.0/02_G01美术资产/01_概念设计板/G01序章道具与效果设计总览.png,,,,,,,,,,静态关键帧＋轻动效,低成本粒子/材质切换
FX-G01-002,FX-G01-002,g01_addition,七码上线脉冲,G01,G01序章,效果,正式新增,PKG-G01-V3.0,星骸拾荒者_G01序章全量补齐与G01-G13整合正式包_V3.0/02_G01美术资产/02_美术资产清单/星骸拾荒者_G01序章美术资产清单_V3.0.xlsx,57795a0911b9659f923f6f89915df82373afb5b528bc5769d3aeb4fdff356f18,formal_catalog_entry,FX-G01-002,,,formal_V3.0_catalog,True,True,False,False,FX-G01-002,,,星骸拾荒者_G01序章全量补齐与G01-G13整合正式包_V3.0/02_G01美术资产/01_概念设计板/G01序章道具与效果设计总览.png,,,,,,,,,,静态关键帧＋轻动效,低成本粒子/材质切换
FX-G01-003,FX-G01-003,g01_addition,货舱复压,G01,G01序章,效果,正式新增,PKG-G01-V3.0,星骸拾荒者_G01序章全量补齐与G01-G13整合正式包_V3.0/02_G01美术资产/02_美术资产清单/星骸拾荒者_G01序章美术资产清单_V3.0.xlsx,57795a0911b9659f923f6f89915df82373afb5b528bc5769d3aeb4fdff356f18,formal_catalog_entry,FX-G01-003,,,formal_V3.0_catalog,True,True,False,False,FX-G01-003,,,星骸拾荒者_G01序章全量补齐与G01-G13整合正式包_V3.0/02_G01美术资产/01_概念设计板/G01序章道具与效果设计总览.png,,,,,,,,,,静态关键帧＋轻动效,低成本粒子/材质切换
FX-G01-004,FX-G01-004,g01_addition,星图环点亮,G01,G01序章,效果,正式新增,PKG-G01-V3.0,星骸拾荒者_G01序章全量补齐与G01-G13整合正式包_V3.0/02_G01美术资产/02_美术资产清单/星骸拾荒者_G01序章美术资产清单_V3.0.xlsx,57795a0911b9659f923f6f89915df82373afb5b528bc5769d3aeb4fdff356f18,formal_catalog_entry,FX-G01-004,,,formal_V3.0_catalog,True,True,False,False,FX-G01-004,,,星骸拾荒者_G01序章全量补齐与G01-G13整合正式包_V3.0/02_G01美术资产/01_概念设计板/G01序章道具与效果设计总览.png,,,,,,,,,,静态关键帧＋轻动效,低成本粒子/材质切换
FX-G01-005,FX-G01-005,g01_addition,求救信号解析,G01,G01序章,效果,正式新增,PKG-G01-V3.0,星骸拾荒者_G01序章全量补齐与G01-G13整合正式包_V3.0/02_G01美术资产/02_美术资产清单/星骸拾荒者_G01序章美术资产清单_V3.0.xlsx,57795a0911b9659f923f6f89915df82373afb5b528bc5769d3aeb4fdff356f18,formal_catalog_entry,FX-G01-005,,,formal_V3.0_catalog,True,True,False,False,FX-G01-005,,,星骸拾荒者_G01序章全量补齐与G01-G13整合正式包_V3.0/02_G01美术资产/01_概念设计板/G01序章道具与效果设计总览.png,,,,,,,,,,静态关键帧＋轻动效,低成本粒子/材质切换
FX-G01-006,FX-G01-006,g01_addition,落点扫描,G01,G01序章,效果,正式新增,PKG-G01-V3.0,星骸拾荒者_G01序章全量补齐与G01-G13整合正式包_V3.0/02_G01美术资产/02_美术资产清单/星骸拾荒者_G01序章美术资产清单_V3.0.xlsx,57795a0911b9659f923f6f89915df82373afb5b528bc5769d3aeb4fdff356f18,formal_catalog_entry,FX-G01-006,,,formal_V3.0_catalog,True,True,False,False,FX-G01-006,,,星骸拾荒者_G01序章全量补齐与G01-G13整合正式包_V3.0/02_G01美术资产/01_概念设计板/G01序章道具与效果设计总览.png,,,,,,,,,,静态关键帧＋轻动效,低成本粒子/材质切换
DANGER-G01-001,DANGER-G01-001,g01_addition,船舱断电短路,G01,G01序章,危险视觉,正式新增,PKG-G01-V3.0,星骸拾荒者_G01序章全量补齐与G01-G13整合正式包_V3.0/02_G01美术资产/02_美术资产清单/星骸拾荒者_G01序章美术资产清单_V3.0.xlsx,57795a0911b9659f923f6f89915df82373afb5b528bc5769d3aeb4fdff356f18,formal_catalog_entry,DANGER-G01-001,,,formal_V3.0_catalog,True,True,False,False,DANGER-G01-001,,,星骸拾荒者_G01序章全量补齐与G01-G13整合正式包_V3.0/02_G01美术资产/01_概念设计板/G01教学机制与危险视觉总览.png,,,,,,,,,,预警/危险/解除,无战斗、可恢复失败
DANGER-G01-002,DANGER-G01-002,g01_addition,货舱氧压下降,G01,G01序章,危险视觉,正式新增,PKG-G01-V3.0,星骸拾荒者_G01序章全量补齐与G01-G13整合正式包_V3.0/02_G01美术资产/02_美术资产清单/星骸拾荒者_G01序章美术资产清单_V3.0.xlsx,57795a0911b9659f923f6f89915df82373afb5b528bc5769d3aeb4fdff356f18,formal_catalog_entry,DANGER-G01-002,,,formal_V3.0_catalog,True,True,False,False,DANGER-G01-002,,,星骸拾荒者_G01序章全量补齐与G01-G13整合正式包_V3.0/02_G01美术资产/01_概念设计板/G01教学机制与危险视觉总览.png,,,,,,,,,,预警/危险/解除,无战斗、可恢复失败
DANGER-G01-003,DANGER-G01-003,g01_addition,星图数据闪断,G01,G01序章,危险视觉,正式新增,PKG-G01-V3.0,星骸拾荒者_G01序章全量补齐与G01-G13整合正式包_V3.0/02_G01美术资产/02_美术资产清单/星骸拾荒者_G01序章美术资产清单_V3.0.xlsx,57795a0911b9659f923f6f89915df82373afb5b528bc5769d3aeb4fdff356f18,formal_catalog_entry,DANGER-G01-003,,,formal_V3.0_catalog,True,True,False,False,DANGER-G01-003,,,星骸拾荒者_G01序章全量补齐与G01-G13整合正式包_V3.0/02_G01美术资产/01_概念设计板/G01教学机制与危险视觉总览.png,,,,,,,,,,预警/危险/解除,无战斗、可恢复失败
DANGER-G01-004,DANGER-G01-004,g01_addition,垃圾雨撞击窗口,G01,G01序章,危险视觉,正式新增,PKG-G01-V3.0,星骸拾荒者_G01序章全量补齐与G01-G13整合正式包_V3.0/02_G01美术资产/02_美术资产清单/星骸拾荒者_G01序章美术资产清单_V3.0.xlsx,57795a0911b9659f923f6f89915df82373afb5b528bc5769d3aeb4fdff356f18,formal_catalog_entry,DANGER-G01-004,,,formal_V3.0_catalog,True,True,False,False,DANGER-G01-004,,,星骸拾荒者_G01序章全量补齐与G01-G13整合正式包_V3.0/02_G01美术资产/01_概念设计板/G01教学机制与危险视觉总览.png,,,,,,,,,,预警/危险/解除,无战斗、可恢复失败
TUT-MECH-001,TUT-MECH-001,g01_addition,基础维修顺序,G01,G01序章,教学机制视觉,正式新增,PKG-G01-V3.0,星骸拾荒者_G01序章全量补齐与G01-G13整合正式包_V3.0/02_G01美术资产/02_美术资产清单/星骸拾荒者_G01序章美术资产清单_V3.0.xlsx,57795a0911b9659f923f6f89915df82373afb5b528bc5769d3aeb4fdff356f18,formal_catalog_entry,TUT-MECH-001,,,formal_V3.0_catalog,True,True,False,False,TUT-MECH-001,,,星骸拾荒者_G01序章全量补齐与G01-G13整合正式包_V3.0/02_G01美术资产/01_概念设计板/G01教学机制与危险视觉总览.png,,,,,,,,,,机制界面构图,复用全局UI组件，不占正式MECH编号
TUT-MECH-002,TUT-MECH-002,g01_addition,星图校准,G01,G01序章,教学机制视觉,正式新增,PKG-G01-V3.0,星骸拾荒者_G01序章全量补齐与G01-G13整合正式包_V3.0/02_G01美术资产/02_美术资产清单/星骸拾荒者_G01序章美术资产清单_V3.0.xlsx,57795a0911b9659f923f6f89915df82373afb5b528bc5769d3aeb4fdff356f18,formal_catalog_entry,TUT-MECH-002,,,formal_V3.0_catalog,True,True,False,False,TUT-MECH-002,,,星骸拾荒者_G01序章全量补齐与G01-G13整合正式包_V3.0/02_G01美术资产/01_概念设计板/G01教学机制与危险视觉总览.png,,,,,,,,,,机制界面构图,复用全局UI组件，不占正式MECH编号
TUT-MECH-003,TUT-MECH-003,g01_addition,垃圾雨航线,G01,G01序章,教学机制视觉,正式新增,PKG-G01-V3.0,星骸拾荒者_G01序章全量补齐与G01-G13整合正式包_V3.0/02_G01美术资产/02_美术资产清单/星骸拾荒者_G01序章美术资产清单_V3.0.xlsx,57795a0911b9659f923f6f89915df82373afb5b528bc5769d3aeb4fdff356f18,formal_catalog_entry,TUT-MECH-003,,,formal_V3.0_catalog,True,True,False,False,TUT-MECH-003,,,星骸拾荒者_G01序章全量补齐与G01-G13整合正式包_V3.0/02_G01美术资产/01_概念设计板/G01教学机制与危险视觉总览.png,,,,,,,,,,机制界面构图,复用全局UI组件，不占正式MECH编号
